Herd;Sample;Total;Sieve;Quantity;Fraction
Herd 1;fresh 1;361,6;top;95,9;0,265210177
Herd 1;fresh 1;361,6;mid;133,9;0,370298673
Herd 1;fresh 1;361,6;pan;131,8;0,36449115
Herd 1;fresh 2;333,7;top;94,8;0,284087504
Herd 1;fresh 2;333,7;mid;125,3;0,375486964
Herd 1;fresh 2;333,7;pan;113,6;0,340425532
Herd 1;fresh 3;267,1;top;75;0,28079371
Herd 1;fresh 3;267,1;mid;102,6;0,384125796
Herd 1;fresh 3;267,1;pan;89,5;0,335080494
Herd 1;fresh 4;288,1;top;71,3;0,247483513
Herd 1;fresh 4;288,1;mid;115,7;0,401596668
Herd 1;fresh 4;288,1;pan;101,1;0,35091982
Herd 1;fresh 5;359,4;top;92,3;0,256816917
Herd 1;fresh 5;359,4;mid;147;0,409015025
Herd 1;fresh 5;359,4;pan;120,1;0,334168058
Herd 1;fresh 6;295,3;top;46,1;0,156112428
Herd 1;fresh 6;295,3;mid;133,6;0,452421267
Herd 1;fresh 6;295,3;pan;115,6;0,391466305
Herd 1;fresh 7;315,1;top;49,1;0,155823548
Herd 1;fresh 7;315,1;mid;137,2;0,435417328
Herd 1;fresh 7;315,1;pan;128,8;0,408759124
Herd 1;fresh 8;310,6;top;46,5;0,149710238
Herd 1;fresh 8;310,6;mid;143,8;0,462974887
Herd 1;fresh 8;310,6;pan;120,3;0,387314874
Herd 1;fresh 9;279,2;top;50;0,179083095
Herd 1;fresh 9;279,2;mid;125;0,447707736
Herd 1;fresh 9;279,2;pan;104,2;0,373209169
Herd 1;fresh 10;327,4;top;69,1;0,211056811
Herd 1;fresh 10;327,4;mid;137,5;0,419975565
Herd 1;fresh 10;327,4;pan;120,8;0,368967624
Herd 1;refusals;316,6;top;92,3;0,29153506
Herd 1;refusals;316,6;mid;118,6;0,37460518
Herd 1;refusals;316,6;pan;105,7;0,33385976
Herd 2;fresh 1;203,1;top;91;0,448055145
Herd 2;fresh 1;203,1;mid;59,9;0,294928607
Herd 2;fresh 1;203,1;pan;52,2;0,257016248
Herd 2;fresh 2;191,4;top;76,4;0,399164054
Herd 2;fresh 2;191,4;mid;56,7;0,296238245
Herd 2;fresh 2;191,4;pan;58,3;0,304597701
Herd 2;fresh 3;155,6;top;66,8;0,429305913
Herd 2;fresh 3;155,6;mid;44,5;0,285989717
Herd 2;fresh 3;155,6;pan;44,3;0,28470437
Herd 2;fresh 4;196,3;top;104,4;0,531839022
Herd 2;fresh 4;196,3;mid;42,5;0,216505349
Herd 2;fresh 4;196,3;pan;49,4;0,251655629
Herd 2;fresh 5;183,1;top;97,3;0,531403605
Herd 2;fresh 5;183,1;mid;38,5;0,210267613
Herd 2;fresh 5;183,1;pan;47,3;0,258328782
Herd 2;fresh 6;236,7;top;125,6;0,530629489
Herd 2;fresh 6;236,7;mid;56,5;0,238698775
Herd 2;fresh 6;236,7;pan;54,6;0,230671736
Herd 2;fresh 7;235,9;top;119,7;0,507418398
Herd 2;fresh 7;235,9;mid;54,6;0,231454006
Herd 2;fresh 7;235,9;pan;61,6;0,261127596
Herd 2;fresh 8;177,2;top;81,1;0,457674944
Herd 2;fresh 8;177,2;mid;44,5;0,251128668
Herd 2;fresh 8;177,2;pan;51,6;0,291196388
Herd 2;fresh 9;157,3;top;87,1;0,553719008
Herd 2;fresh 9;157,3;mid;35,5;0,225683408
Herd 2;fresh 9;157,3;pan;34,7;0,220597584
Herd 2;fresh 10;191,4;top;93,5;0,488505747
Herd 2;fresh 10;191,4;mid;45,8;0,239289446
Herd 2;fresh 10;191,4;pan;52,1;0,272204807
Herd 2;refusals;240,7;top;144,5;0,600332364
Herd 2;refusals;240,7;mid;49,9;0,207312007
Herd 2;refusals;240,7;pan;46,3;0,192355629
Herd 3;fresh 1;187,7;top;31,6;0,168353756
Herd 3;fresh 1;187,7;mid;63,9;0,340436867
Herd 3;fresh 1;187,7;pan;92,2;0,491209377
Herd 3;fresh 2;302,9;top;64,5;0,212941565
Herd 3;fresh 2;302,9;mid;88,6;0,292505777
Herd 3;fresh 2;302,9;pan;149,8;0,494552658
Herd 3;fresh 3;259,8;top;32,3;0,124326405
Herd 3;fresh 3;259,8;mid;84,5;0,325250192
Herd 3;fresh 3;259,8;pan;143;0,550423403
Herd 3;fresh 4;284,5;top;45,3;0,159226714
Herd 3;fresh 4;284,5;mid;104,6;0,367662566
Herd 3;fresh 4;284,5;pan;134,6;0,473110721
Herd 3;fresh 5;216,8;top;42,2;0,194649446
Herd 3;fresh 5;216,8;mid;60,7;0,27998155
Herd 3;fresh 5;216,8;pan;113,9;0,525369004
Herd 3;fresh 6;201,1;top;30,5;0,151665838
Herd 3;fresh 6;201,1;mid;59,7;0,29686723
Herd 3;fresh 6;201,1;pan;110,9;0,551466932
Herd 3;fresh 7;205,1;top;35,8;0,174549
Herd 3;fresh 7;205,1;mid;70,7;0,344709898
Herd 3;fresh 7;205,1;pan;98,6;0,480741102
Herd 3;fresh 8;190,9;top;70,1;0,367207962
Herd 3;fresh 8;190,9;mid;44,8;0,234677842
Herd 3;fresh 8;190,9;pan;76;0,398114196
Herd 3;fresh 9;231,3;top;53,1;0,229571984
Herd 3;fresh 9;231,3;mid;60,3;0,260700389
Herd 3;fresh 9;231,3;pan;117,9;0,509727626
Herd 3;fresh 10;368,3;top;117,9;0,320119468
Herd 3;fresh 10;368,3;mid;97,3;0,264186804
Herd 3;fresh 10;368,3;pan;153,1;0,415693728
Herd 3;refusals;334,9;top;184,1;0,549716333
Herd 3;refusals;334,9;mid;37;0,110480741
Herd 3;refusals;334,9;pan;113,8;0,339802926
Herd 4;fresh 1;333,6;top;35,4;0,106115108
Herd 4;fresh 1;333,6;mid;136,6;0,409472422
Herd 4;fresh 1;333,6;pan;161,6;0,48441247
Herd 4;fresh 2;286,9;top;11,9;0,041477867
Herd 4;fresh 2;286,9;mid;111,4;0,388288602
Herd 4;fresh 2;286,9;pan;163,6;0,570233531
Herd 4;fresh 3;331,2;top;29,2;0,088164251
Herd 4;fresh 3;331,2;mid;137,8;0,416062802
Herd 4;fresh 3;331,2;pan;164,2;0,495772947
Herd 4;fresh 4;365,8;top;44,8;0,122471296
Herd 4;fresh 4;365,8;mid;147,2;0,402405686
Herd 4;fresh 4;365,8;pan;173,8;0,475123018
Herd 4;fresh 5;368,8;top;43,9;0,119034707
Herd 4;fresh 5;368,8;mid;157,9;0,428145336
Herd 4;fresh 5;368,8;pan;167;0,452819957
Herd 4;fresh 6;334,8;top;39,4;0,117682198
Herd 4;fresh 6;334,8;mid;140,1;0,418458781
Herd 4;fresh 6;334,8;pan;155,3;0,46385902
Herd 4;fresh 7;400,8;top;32,6;0,081337325
Herd 4;fresh 7;400,8;mid;170,1;0,424401198
Herd 4;fresh 7;400,8;pan;198,1;0,494261477
Herd 4;fresh 8;374,5;top;22,9;0,061148198
Herd 4;fresh 8;374,5;mid;160,2;0,42777036
Herd 4;fresh 8;374,5;pan;191,4;0,511081442
Herd 4;fresh 9;341,2;top;28,9;0,084701055
Herd 4;fresh 9;341,2;mid;137;0,401524033
Herd 4;fresh 9;341,2;pan;175,3;0,513774912
Herd 4;fresh 10;354,1;top;52,2;0,147415984
Herd 4;fresh 10;354,1;mid;141,9;0,400734256
Herd 4;fresh 10;354,1;pan;160;0,45184976
Herd 4;refusals;278,2;top;46,9;0,168583753
Herd 4;refusals;278,2;mid;124,7;0,448238677
Herd 4;refusals;278,2;pan;106,6;0,38317757
Herd 5;fresh 1;333,6;top;61,8;0,185251799
Herd 5;fresh 1;333,6;mid;121,6;0,364508393
Herd 5;fresh 1;333,6;pan;150,2;0,450239808
Herd 5;fresh 2;409,7;top;90;0,219672931
Herd 5;fresh 2;409,7;mid;144,1;0,351720771
Herd 5;fresh 2;409,7;pan;175,6;0,428606297
Herd 5;fresh 3;435,5;top;99,2;0,227784156
Herd 5;fresh 3;435,5;mid;142,7;0,327669346
Herd 5;fresh 3;435,5;pan;193,6;0,444546498
Herd 5;fresh 4;506,2;top;146,2;0,288818649
Herd 5;fresh 4;506,2;mid;152,3;0,300869222
Herd 5;fresh 4;506,2;pan;207,7;0,41031213
Herd 5;fresh 5;347,2;top;81,4;0,234447005
Herd 5;fresh 5;347,2;mid;115,5;0,33266129
Herd 5;fresh 5;347,2;pan;150,3;0,432891705
Herd 5;fresh 6;449,3;top;109,1;0,242822168
Herd 5;fresh 6;449,3;mid;137,5;0,306031605
Herd 5;fresh 6;449,3;pan;202,7;0,451146227
Herd 5;fresh 7;593,8;top;195,8;0,329740653
Herd 5;fresh 7;593,8;mid;161,5;0,271977097
Herd 5;fresh 7;593,8;pan;236,5;0,39828225
Herd 5;fresh 8;449,6;top;98,7;0,21952847
Herd 5;fresh 8;449,6;mid;160;0,355871886
Herd 5;fresh 8;449,6;pan;190,9;0,424599644
Herd 5;fresh 9;428;top;90,3;0,210981308
Herd 5;fresh 9;428;mid;163,8;0,38271028
Herd 5;fresh 9;428;pan;173,9;0,406308411
Herd 5;fresh 10;425,7;top;86,1;0,202255109
Herd 5;fresh 10;425,7;mid;147,6;0,346723044
Herd 5;fresh 10;425,7;pan;192;0,451021846
Herd 5;refusals;306,9;top;102,8;0,334962529
Herd 5;refusals;306,9;mid;100,2;0,326490714
Herd 5;refusals;306,9;pan;103,9;0,338546758
Herd 7;fresh 1;473;top;105,7;0,22346723
Herd 7;fresh 1;473;mid;118,8;0,251162791
Herd 7;fresh 1;473;pan;248,5;0,525369979
Herd 7;fresh 2;637,4;top;152,2;0,238782554
Herd 7;fresh 2;637,4;mid;161,6;0,253529965
Herd 7;fresh 2;637,4;pan;323,6;0,50768748
Herd 7;fresh 3;715,8;top;252,7;0,353031573
Herd 7;fresh 3;715,8;mid;169,7;0,237077396
Herd 7;fresh 3;715,8;pan;293,4;0,409891031
Herd 7;fresh 4;656,6;top;143,7;0,218854706
Herd 7;fresh 4;656,6;mid;179,9;0,273987207
Herd 7;fresh 4;656,6;pan;333;0,507158087
Herd 7;fresh 5;822,9;top;207,1;0,25167092
Herd 7;fresh 5;822,9;mid;264,3;0,321181188
Herd 7;fresh 5;822,9;pan;351,5;0,427147892
Herd 7;fresh 6;818,4;top;199,8;0,244134897
Herd 7;fresh 6;818,4;mid;246,9;0,301686217
Herd 7;fresh 6;818,4;pan;371,7;0,454178886
Herd 7;fresh 7;714,2;top;192,9;0,270092411
Herd 7;fresh 7;714,2;mid;184,7;0,258611033
Herd 7;fresh 7;714,2;pan;336,6;0,471296556
Herd 7;fresh 8;789,5;top;155,3;0,196706776
Herd 7;fresh 8;789,5;mid;267,7;0,339075364
Herd 7;fresh 8;789,5;pan;366,5;0,464217859
Herd 7;fresh 9;590,4;top;128,3;0,217310298
Herd 7;fresh 9;590,4;mid;171,6;0,290650407
Herd 7;fresh 9;590,4;pan;290,5;0,492039295
Herd 7;fresh 10;497,8;top;144,1;0,289473684
Herd 7;fresh 10;497,8;mid;113,1;0,227199679
Herd 7;fresh 10;497,8;pan;240,6;0,483326637
Herd 7;refusals;461,9;top;286,9;0,621130115
Herd 7;refusals;461,9;mid;78,5;0,169950206
Herd 7;refusals;461,9;pan;96,5;0,20891968
Herd 8;fresh 1;375,1;top;91,5;0,243934951
Herd 8;fresh 1;375,1;mid;159;0,423886963
Herd 8;fresh 1;375,1;pan;124,6;0,332178086
Herd 8;fresh 2;363,9;top;82,3;0,226161033
Herd 8;fresh 2;363,9;mid;158,7;0,436108821
Herd 8;fresh 2;363,9;pan;122,9;0,337730146
Herd 8;fresh 3;369,1;top;89,5;0,242481712
Herd 8;fresh 3;369,1;mid;154,1;0,417502032
Herd 8;fresh 3;369,1;pan;125,5;0,340016256
Herd 8;fresh 4;361,4;top;85,7;0,23713337
Herd 8;fresh 4;361,4;mid;150,1;0,415329275
Herd 8;fresh 4;361,4;pan;125,6;0,347537355
Herd 8;fresh 5;363,3;top;71,6;0,197082301
Herd 8;fresh 5;363,3;mid;165;0,454170107
Herd 8;fresh 5;363,3;pan;126,7;0,348747592
Herd 8;fresh 6;368;top;125,4;0,34076087
Herd 8;fresh 6;368;mid;141,6;0,384782609
Herd 8;fresh 6;368;pan;101;0,274456522
Herd 8;fresh 7;321,2;top;84,9;0,264321295
Herd 8;fresh 7;321,2;mid;129,6;0,403486924
Herd 8;fresh 7;321,2;pan;106,7;0,332191781
Herd 8;fresh 8;294,7;top;69,9;0,237190363
Herd 8;fresh 8;294,7;mid;128,6;0,436375976
Herd 8;fresh 8;294,7;pan;96,2;0,326433661
Herd 8;fresh 9;308,8;top;106,4;0,344559585
Herd 8;fresh 9;308,8;mid;116,8;0,378238342
Herd 8;fresh 9;308,8;pan;85,6;0,277202073
Herd 8;fresh 10;278,6;top;50;0,179468772
Herd 8;fresh 10;278,6;mid;134,4;0,48241206
Herd 8;fresh 10;278,6;pan;94,2;0,338119167
Herd 8;refusals;245;top;60,7;0,247755102
Herd 8;refusals;245;mid;103,1;0,420816327
Herd 8;refusals;245;pan;81,2;0,331428571
Herd 9;fresh 1;357,1;top;35,3;0,098851862
Herd 9;fresh 1;357,1;mid;139,8;0,391486978
Herd 9;fresh 1;357,1;pan;182;0,509661159
Herd 9;fresh 2;318;top;31,7;0,099685535
Herd 9;fresh 2;318;mid;112,7;0,354402516
Herd 9;fresh 2;318;pan;173,6;0,54591195
Herd 9;fresh 3;320,5;top;54,5;0,170046802
Herd 9;fresh 3;320,5;mid;100,2;0,312636505
Herd 9;fresh 3;320,5;pan;165,8;0,517316693
Herd 9;fresh 4;266,7;top;28,6;0,107236595
Herd 9;fresh 4;266,7;mid;90;0,337457818
Herd 9;fresh 4;266,7;pan;148,1;0,555305587
Herd 9;fresh 5;288;top;41,1;0,142708333
Herd 9;fresh 5;288;mid;92,5;0,321180556
Herd 9;fresh 5;288;pan;154,4;0,536111111
Herd 9;fresh 6;272,9;top;39,4;0,144375229
Herd 9;fresh 6;272,9;mid;91,3;0,334554782
Herd 9;fresh 6;272,9;pan;142,2;0,521069989
Herd 9;fresh 7;291,7;top;64,1;0,219746315
Herd 9;fresh 7;291,7;mid;85,9;0,294480631
Herd 9;fresh 7;291,7;pan;141,7;0,485773055
Herd 9;fresh 8;255,4;top;153,7;0,601801096
Herd 9;fresh 8;255,4;mid;35,8;0,140172279
Herd 9;fresh 8;255,4;pan;65,9;0,258026625
Herd 9;fresh 9;267,2;top;150,6;0,563622754
Herd 9;fresh 9;267,2;mid;35,1;0,131362275
Herd 9;fresh 9;267,2;pan;81,5;0,30501497
Herd 9;fresh 10;238,6;top;43,1;0,180637049
Herd 9;fresh 10;238,6;mid;59,7;0,250209556
Herd 9;fresh 10;238,6;pan;135,8;0,569153395
Herd 9;refusals;257,4;top;100,7;0,391219891
Herd 9;refusals;257,4;mid;76,3;0,296425796
Herd 9;refusals;257,4;pan;80,4;0,312354312
Herd 10;fresh 1;284,7;top;70,2;0,246575342
Herd 10;fresh 1;284,7;mid;90,8;0,318932209
Herd 10;fresh 1;284,7;pan;123,7;0,434492448
Herd 10;fresh 2;294,7;top;65,6;0,222599253
Herd 10;fresh 2;294,7;mid;97,8;0,331862911
Herd 10;fresh 2;294,7;pan;131,3;0,445537835
Herd 10;fresh 3;275,1;top;48;0,174482007
Herd 10;fresh 3;275,1;mid;94,8;0,344601963
Herd 10;fresh 3;275,1;pan;132,3;0,480916031
Herd 10;fresh 4;314,9;top;55,9;0,177516672
Herd 10;fresh 4;314,9;mid;110,7;0,351540171
Herd 10;fresh 4;314,9;pan;148,3;0,470943157
Herd 10;fresh 5;322;top;80,9;0,251242236
Herd 10;fresh 5;322;mid;101,8;0,316149068
Herd 10;fresh 5;322;pan;139,3;0,432608696
Herd 10;fresh 6;320,1;top;66,7;0,208372384
Herd 10;fresh 6;320,1;mid;98,7;0,308341143
Herd 10;fresh 6;320,1;pan;154,7;0,483286473
Herd 10;fresh 7;292,9;top;67;0,228747013
Herd 10;fresh 7;292,9;mid;85,5;0,291908501
Herd 10;fresh 7;292,9;pan;140,4;0,479344486
Herd 10;fresh 8;291,4;top;78;0,267673301
Herd 10;fresh 8;291,4;mid;83,8;0,287577213
Herd 10;fresh 8;291,4;pan;129,6;0,444749485
Herd 10;fresh 9;306,1;top;64,5;0,210715452
Herd 10;fresh 9;306,1;mid;94,2;0,307742568
Herd 10;fresh 9;306,1;pan;147,4;0,48154198
Herd 10;fresh 10;359,2;top;78,1;0,217427617
Herd 10;fresh 10;359,2;mid;99,9;0,27811804
Herd 10;fresh 10;359,2;pan;181,2;0,504454343
Herd 10;refusals;249,8;top;47,1;0,188550841
Herd 10;refusals;249,8;mid;86,2;0,345076061
Herd 10;refusals;249,8;pan;116,5;0,466373098
Herd 11;fresh 1;233,6;top;22,6;0,096746575
Herd 11;fresh 1;233,6;mid;95,6;0,409246575
Herd 11;fresh 1;233,6;pan;115,4;0,494006849
Herd 11;fresh 2;224,1;top;20,3;0,09058456
Herd 11;fresh 2;224,1;mid;93,7;0,418116912
Herd 11;fresh 2;224,1;pan;110,1;0,491298527
Herd 11;fresh 3;178,4;top;13,7;0,076793722
Herd 11;fresh 3;178,4;mid;73,3;0,410874439
Herd 11;fresh 3;178,4;pan;91,4;0,512331839
Herd 11;fresh 4;224,8;top;27,4;0,121886121
Herd 11;fresh 4;224,8;mid;89,1;0,396352313
Herd 11;fresh 4;224,8;pan;108,3;0,481761566
Herd 11;fresh 5;222,1;top;39;0,175596578
Herd 11;fresh 5;222,1;mid;80,4;0,3619991
Herd 11;fresh 5;222,1;pan;102,7;0,462404322
Herd 11;fresh 6;277,4;top;41;0,147801009
Herd 11;fresh 6;277,4;mid;107,6;0,387887527
Herd 11;fresh 6;277,4;pan;128,8;0,464311464
Herd 11;fresh 7;219,7;top;43,8;0,199362767
Herd 11;fresh 7;219,7;mid;78,9;0,359126081
Herd 11;fresh 7;219,7;pan;97;0,441511152
Herd 11;fresh 8;203,8;top;28,1;0,137880275
Herd 11;fresh 8;203,8;mid;79,5;0,390088322
Herd 11;fresh 8;203,8;pan;96,2;0,472031403
Herd 11;fresh 9;249,9;top;30,2;0,120848339
Herd 11;fresh 9;249,9;mid;96,6;0,386554622
Herd 11;fresh 9;249,9;pan;123,1;0,492597039
Herd 11;fresh 10;230,3;top;27,2;0,118106817
Herd 11;fresh 10;230,3;mid;93,3;0,405123752
Herd 11;fresh 10;230,3;pan;109,8;0,476769431
Herd 11;refusals;198,7;top;16,2;0,081529945
Herd 11;refusals;198,7;mid;80;0,402617011
Herd 11;refusals;198,7;pan;102,5;0,515853045
Herd 12;fresh 1;312,9;top;211,6;0,676254394
Herd 12;fresh 1;312,9;mid;43;0,137424097
Herd 12;fresh 1;312,9;pan;58,3;0,186321508
Herd 12;fresh 2;184,8;top;128,7;0,696428571
Herd 12;fresh 2;184,8;mid;42,3;0,228896104
Herd 12;fresh 2;184,8;pan;13,8;0,074675325
Herd 12;fresh 3;212,5;top;142,8;0,672
Herd 12;fresh 3;212,5;mid;36,9;0,173647059
Herd 12;fresh 3;212,5;pan;32,8;0,154352941
Herd 12;fresh 4;195,1;top;141,3;0,724243977
Herd 12;fresh 4;195,1;mid;18,2;0,093285495
Herd 12;fresh 4;195,1;pan;35,6;0,182470528
Herd 12;fresh 5;213,5;top;112,3;0,525995316
Herd 12;fresh 5;213,5;mid;35;0,163934426
Herd 12;fresh 5;213,5;pan;66,2;0,310070258
Herd 12;fresh 6;218,8;top;119,3;0,545246801
Herd 12;fresh 6;218,8;mid;32,1;0,146709324
Herd 12;fresh 6;218,8;pan;67,4;0,308043876
Herd 12;fresh 7;154,1;top;66,2;0,429591175
Herd 12;fresh 7;154,1;mid;31;0,201168073
Herd 12;fresh 7;154,1;pan;56,9;0,369240753
Herd 12;fresh 8;170,1;top;94,7;0,556731335
Herd 12;fresh 8;170,1;mid;24,8;0,14579659
Herd 12;fresh 8;170,1;pan;50,6;0,297472075
Herd 12;fresh 9;198;top;90,2;0,455555556
Herd 12;fresh 9;198;mid;35,2;0,177777778
Herd 12;fresh 9;198;pan;72,6;0,366666667
Herd 12;fresh 10;201,2;top;125,7;0,624751491
Herd 12;fresh 10;201,2;mid;20,5;0,101888668
Herd 12;fresh 10;201,2;pan;55;0,273359841
Herd 12;refusals;250,4;top;176,2;0,703674121
Herd 12;refusals;250,4;mid;25,6;0,102236422
Herd 12;refusals;250,4;pan;48,6;0,194089457
Herd 13;fresh 1;289,2;top;67,9;0,234785615
Herd 13;fresh 1;289,2;mid;136,3;0,471300138
Herd 13;fresh 1;289,2;pan;85;0,293914246
Herd 13;fresh 2;270,4;top;66;0,24408284
Herd 13;fresh 2;270,4;mid;123,9;0,458210059
Herd 13;fresh 2;270,4;pan;80,5;0,297707101
Herd 13;fresh 3;256,6;top;60,9;0,237334373
Herd 13;fresh 3;256,6;mid;122,5;0,477396726
Herd 13;fresh 3;256,6;pan;73,2;0,285268901
Herd 13;fresh 4;281,9;top;82,6;0,293011706
Herd 13;fresh 4;281,9;mid;120;0,425682866
Herd 13;fresh 4;281,9;pan;79,3;0,281305427
Herd 13;fresh 5;212,3;top;52,1;0,245407442
Herd 13;fresh 5;212,3;mid;97;0,456900612
Herd 13;fresh 5;212,3;pan;63,2;0,297691945
Herd 13;fresh 6;238,4;top;59,7;0,250419463
Herd 13;fresh 6;238,4;mid;106,7;0,447567114
Herd 13;fresh 6;238,4;pan;72;0,302013423
Herd 13;fresh 7;294,7;top;92,5;0,313878521
Herd 13;fresh 7;294,7;mid;118;0,400407194
Herd 13;fresh 7;294,7;pan;84,2;0,285714286
Herd 13;fresh 8;253,6;top;109,2;0,430599369
Herd 13;fresh 8;253,6;mid;88,6;0,349369085
Herd 13;fresh 8;253,6;pan;55,8;0,220031546
Herd 13;fresh 9;267,2;top;72,4;0,270958084
Herd 13;fresh 9;267,2;mid;112,8;0,422155689
Herd 13;fresh 9;267,2;pan;82;0,306886228
Herd 13;fresh 10;287;top;87,4;0,304529617
Herd 13;fresh 10;287;mid;118,4;0,412543554
Herd 13;fresh 10;287;pan;81,2;0,282926829
Herd 13;refusals;283;top;144,6;0,510954064
Herd 13;refusals;283;mid;88,6;0,313074205
Herd 13;refusals;283;pan;49,8;0,175971731
Herd 14;fresh 1;356,6;top;129;0,36174986
Herd 14;fresh 1;356,6;mid;97,7;0,273976444
Herd 14;fresh 1;356,6;pan;129,9;0,364273696
Herd 14;fresh 2;264;top;74,4;0,281818182
Herd 14;fresh 2;264;mid;85,4;0,323484848
Herd 14;fresh 2;264;pan;104,2;0,39469697
Herd 14;fresh 3;318,2;top;202,8;0,637335009
Herd 14;fresh 3;318,2;mid;51,9;0,163104965
Herd 14;fresh 3;318,2;pan;63,5;0,199560025
Herd 14;fresh 4;322;top;84,3;0,261801242
Herd 14;fresh 4;322;mid;102,6;0,31863354
Herd 14;fresh 4;322;pan;135,1;0,419565217
Herd 14;fresh 5;404,3;top;180,2;0,445708632
Herd 14;fresh 5;404,3;mid;97,1;0,240168192
Herd 14;fresh 5;404,3;pan;127;0,314123176
Herd 14;fresh 6;286,9;top;65,2;0,227256884
Herd 14;fresh 6;286,9;mid;93,4;0,325548972
Herd 14;fresh 6;286,9;pan;128,3;0,447194144
Herd 14;fresh 7;248,4;top;61,5;0,247584541
Herd 14;fresh 7;248,4;mid;85,4;0,343800322
Herd 14;fresh 7;248,4;pan;101,5;0,408615137
Herd 14;fresh 8;386,1;top;112,6;0,291634292
Herd 14;fresh 8;386,1;mid;112,9;0,292411292
Herd 14;fresh 8;386,1;pan;160,6;0,415954416
Herd 14;refusals;311,2;top;121;0,388817481
Herd 14;refusals;311,2;mid;95;0,305269923
Herd 14;refusals;311,2;pan;95,2;0,305912596
Herd 15;fresh 1;413,1;top;74,3;0,179859598
Herd 15;fresh 1;413,1;mid;151,2;0,366013072
Herd 15;fresh 1;413,1;pan;187,6;0,45412733
Herd 15;fresh 2;494,6;top;88,7;0,179336838
Herd 15;fresh 2;494,6;mid;179;0,361908613
Herd 15;fresh 2;494,6;pan;226,9;0,458754549
Herd 15;fresh 3;663,3;top;149,8;0,225840494
Herd 15;fresh 3;663,3;mid;240,4;0,362430273
Herd 15;fresh 3;663,3;pan;273,1;0,411729233
Herd 15;fresh 4;660;top;199;0,301515152
Herd 15;fresh 4;660;mid;208,6;0,316060606
Herd 15;fresh 4;660;pan;252,4;0,382424242
Herd 15;fresh 5;592,9;top;125,1;0,210996795
Herd 15;fresh 5;592,9;mid;219,1;0,369539551
Herd 15;fresh 5;592,9;pan;248,7;0,419463653
Herd 15;fresh 6;508,8;top;124,8;0,245283019
Herd 15;fresh 6;508,8;mid;177,1;0,348073899
Herd 15;fresh 6;508,8;pan;206,9;0,406643082
Herd 15;fresh 7;619,6;top;173,1;0,27937379
Herd 15;fresh 7;619,6;mid;205,9;0,332311168
Herd 15;fresh 7;619,6;pan;240,6;0,388315042
Herd 15;fresh 8;531;top;99,4;0,187193974
Herd 15;fresh 8;531;mid;202,7;0,38173258
Herd 15;fresh 8;531;pan;228,9;0,431073446
Herd 15;fresh 9;334,4;top;71,1;0,212619617
Herd 15;fresh 9;334,4;mid;121,9;0,364533493
Herd 15;fresh 9;334,4;pan;141,4;0,42284689
Herd 15;fresh 10;463,5;top;93,5;0,201725998
Herd 15;fresh 10;463,5;mid;160,7;0,346709817
Herd 15;fresh 10;463,5;pan;209,3;0,451564186
Herd 15;refusals;286,6;top;76,4;0,266573622
Herd 15;refusals;286,6;mid;111;0,387299372
Herd 15;refusals;286,6;pan;99,2;0,346127006
Herd 16;fresh 1;375,6;top;79,2;0,21086262
Herd 16;fresh 1;375,6;mid;153,5;0,408679446
Herd 16;fresh 1;375,6;pan;142,9;0,380457934
Herd 16;fresh 2;320,3;top;81,2;0,253512332
Herd 16;fresh 2;320,3;mid;106,8;0,333437402
Herd 16;fresh 2;320,3;pan;132,3;0,413050265
Herd 16;fresh 3;412,8;top;106,6;0,258236434
Herd 16;fresh 3;412,8;mid;155,5;0,376695736
Herd 16;fresh 3;412,8;pan;150,7;0,365067829
Herd 16;fresh 4;378,4;top;96,2;0,25422833
Herd 16;fresh 4;378,4;mid;138,6;0,36627907
Herd 16;fresh 4;378,4;pan;143,6;0,3794926
Herd 16;fresh 5;413,7;top;126,2;0,30505197
Herd 16;fresh 5;413,7;mid;128,2;0,309886391
Herd 16;fresh 5;413,7;pan;159,3;0,385061639
Herd 16;fresh 6;396,2;top;95,2;0,240282686
Herd 16;fresh 6;396,2;mid;138,9;0,350580515
Herd 16;fresh 6;396,2;pan;162,1;0,4091368
Herd 16;fresh 7;409,4;top;88,8;0,216902785
Herd 16;fresh 7;409,4;mid;163,3;0,398876404
Herd 16;fresh 7;409,4;pan;157,3;0,384220811
Herd 16;fresh 8;413,4;top;103,4;0,250120948
Herd 16;fresh 8;413,4;mid;133,8;0,323657475
Herd 16;fresh 8;413,4;pan;176,2;0,426221577
Herd 16;fresh 9;485;top;125,7;0,259175258
Herd 16;fresh 9;485;mid;180,8;0,372783505
Herd 16;fresh 9;485;pan;178,5;0,368041237
Herd 16;fresh 10;326,3;top;111,5;0,341710083
Herd 16;fresh 10;326,3;mid;87,7;0,26877107
Herd 16;fresh 10;326,3;pan;127,1;0,389518848
Herd 16;refusals;492,9;top;210,9;0,427875837
Herd 16;refusals;492,9;mid;149,1;0,302495435
Herd 16;refusals;492,9;pan;132,9;0,269628728
Herd 17;fresh 1;152,7;top;18,5;0,121152587
Herd 17;fresh 1;152,7;mid;39,9;0,26129666
Herd 17;fresh 1;152,7;pan;94,3;0,617550753
Herd 17;fresh 2;209,5;top;29,8;0,142243437
Herd 17;fresh 2;209,5;mid;69,7;0,332696897
Herd 17;fresh 2;209,5;pan;110;0,525059666
Herd 17;fresh 3;234,6;top;36,3;0,154731458
Herd 17;fresh 3;234,6;mid;72,1;0,307331628
Herd 17;fresh 3;234,6;pan;126,2;0,537936914
Herd 17;fresh 4;203,3;top;45,4;0,223315298
Herd 17;fresh 4;203,3;mid;47,6;0,234136744
Herd 17;fresh 4;203,3;pan;110,3;0,542547959
Herd 17;fresh 5;259,1;top;55,2;0,213045156
Herd 17;fresh 5;259,1;mid;71,5;0,27595523
Herd 17;fresh 5;259,1;pan;132,4;0,510999614
Herd 17;fresh 6;191,3;top;32,6;0,170412964
Herd 17;fresh 6;191,3;mid;49,7;0,259801359
Herd 17;fresh 6;191,3;pan;109;0,569785677
Herd 17;fresh 7;203,3;top;40,4;0,198721102
Herd 17;fresh 7;203,3;mid;53,1;0,261190359
Herd 17;fresh 7;203,3;pan;109,8;0,540088539
Herd 17;fresh 8;207,8;top;45,6;0,219441771
Herd 17;fresh 8;207,8;mid;67;0,322425409
Herd 17;fresh 8;207,8;pan;95,2;0,45813282
Herd 17;fresh 9;221,9;top;44;0,198287517
Herd 17;fresh 9;221,9;mid;56,4;0,254168544
Herd 17;fresh 9;221,9;pan;121,5;0,547543939
Herd 17;fresh 10;268,8;top;56,9;0,211681548
Herd 17;fresh 10;268,8;mid;68,4;0,254464286
Herd 17;fresh 10;268,8;pan;143,5;0,533854167
Herd 17;refusals;165,7;top;51,1;0,308388654
Herd 17;refusals;165,7;mid;40,8;0,246228123
Herd 17;refusals;165,7;pan;73,8;0,445383223
Herd 19;fresh 1;414,4;top;42,3;0,10207529
Herd 19;fresh 1;414,4;mid;209,4;0,50530888
Herd 19;fresh 1;414,4;pan;162,7;0,39261583
Herd 19;fresh 2;321,4;top;24,7;0,076851276
Herd 19;fresh 2;321,4;mid;167,8;0,522090853
Herd 19;fresh 2;321,4;pan;128,9;0,401057872
Herd 19;fresh 3;406;top;74,4;0,183251232
Herd 19;fresh 3;406;mid;174;0,428571429
Herd 19;fresh 3;406;pan;157,6;0,38817734
Herd 19;fresh 4;503,6;top;95,6;0,189833201
Herd 19;fresh 4;503,6;mid;218,9;0,434670373
Herd 19;fresh 4;503,6;pan;189,1;0,375496426
Herd 19;fresh 5;529;top;70,1;0,132514178
Herd 19;fresh 5;529;mid;252,9;0,478071834
Herd 19;fresh 5;529;pan;206;0,389413989
Herd 19;fresh 6;548,8;top;39,6;0,072157434
Herd 19;fresh 6;548,8;mid;332,2;0,6053207
Herd 19;fresh 6;548,8;pan;177;0,322521866
Herd 19;fresh 7;415,4;top;39,7;0,095570534
Herd 19;fresh 7;415,4;mid;202,7;0,487963409
Herd 19;fresh 7;415,4;pan;173;0,416466057
Herd 19;fresh 8;331,1;top;37,3;0,112654787
Herd 19;fresh 8;331,1;mid;162,3;0,490184234
Herd 19;fresh 8;331,1;pan;131,5;0,397160979
Herd 19;fresh 9;464,6;top;33,2;0,07145932
Herd 19;fresh 9;464,6;mid;249,1;0,536160138
Herd 19;fresh 9;464,6;pan;182,3;0,392380542
Herd 19;refusals;478,5;top;104,8;0,219017764
Herd 19;refusals;478,5;mid;217,6;0,454754441
Herd 19;refusals;478,5;pan;156,1;0,326227795
Herd 20;fresh 1;325,4;top;77,3;0,23755378
Herd 20;fresh 1;325,4;mid;95,9;0,294714198
Herd 20;fresh 1;325,4;pan;152,2;0,467732022
Herd 20;fresh 2;319,1;top;100,2;0,314008148
Herd 20;fresh 2;319,1;mid;90,1;0,282356628
Herd 20;fresh 2;319,1;pan;128,8;0,403635224
Herd 20;fresh 3;280,8;top;82,2;0,292735043
Herd 20;fresh 3;280,8;mid;77,1;0,27457265
Herd 20;fresh 3;280,8;pan;121,5;0,432692308
Herd 20;fresh 4;323,4;top;94,3;0,291589363
Herd 20;fresh 4;323,4;mid;85,1;0,26314162
Herd 20;fresh 4;323,4;pan;144;0,445269017
Herd 20;fresh 5;295,9;top;55,3;0,186887462
Herd 20;fresh 5;295,9;mid;104,3;0,352483947
Herd 20;fresh 5;295,9;pan;136,3;0,460628591
Herd 20;fresh 6;287,4;top;77,6;0,270006959
Herd 20;fresh 6;287,4;mid;78,3;0,272442589
Herd 20;fresh 6;287,4;pan;131,5;0,457550452
Herd 20;fresh 7;306,4;top;45,6;0,148825065
Herd 20;fresh 7;306,4;mid;102,1;0,333224543
Herd 20;fresh 7;306,4;pan;158,7;0,517950392
Herd 20;fresh 8;313,8;top;62,1;0,19789675
Herd 20;fresh 8;313,8;mid;98,2;0,312938177
Herd 20;fresh 8;313,8;pan;153,5;0,489165073
Herd 20;fresh 9;322,3;top;59,2;0,183679801
Herd 20;fresh 9;322,3;mid;121,2;0,376047161
Herd 20;fresh 9;322,3;pan;141,9;0,440273038
Herd 20;fresh 10;300,3;top;75,2;0,25041625
Herd 20;fresh 10;300,3;mid;87,2;0,29037629
Herd 20;fresh 10;300,3;pan;137,9;0,459207459
Herd 20;refusals;362,3;top;170,3;0,470052443
Herd 20;refusals;362,3;mid;79,9;0,220535468
Herd 20;refusals;362,3;pan;112,1;0,309412089
Herd 21;fresh 1;379,8;top;51,6;0,135860979
Herd 21;fresh 1;379,8;mid;143,9;0,378883623
Herd 21;fresh 1;379,8;pan;184,3;0,485255398
Herd 21;fresh 2;507,5;top;110,6;0,217931034
Herd 21;fresh 2;507,5;mid;166,6;0,328275862
Herd 21;fresh 2;507,5;pan;230,3;0,453793103
Herd 21;fresh 3;423,9;top;92,8;0,218919556
Herd 21;fresh 3;423,9;mid;130,8;0,30856334
Herd 21;fresh 3;423,9;pan;200,3;0,472517103
Herd 21;fresh 4;348,1;top;52,7;0,151393278
Herd 21;fresh 4;348,1;mid;114;0,3274921
Herd 21;fresh 4;348,1;pan;181,4;0,521114622
Herd 21;fresh 5;328,5;top;71,1;0,216438356
Herd 21;fresh 5;328,5;mid;108,6;0,330593607
Herd 21;fresh 5;328,5;pan;148,8;0,452968037
Herd 21;fresh 6;378,5;top;103,1;0,272391017
Herd 21;fresh 6;378,5;mid;110,3;0,291413474
Herd 21;fresh 6;378,5;pan;165,1;0,436195509
Herd 21;fresh 7;364;top;85,3;0,234340659
Herd 21;fresh 7;364;mid;113,1;0,310714286
Herd 21;fresh 7;364;pan;165,6;0,454945055
Herd 21;fresh 8;396,1;top;107,7;0,271901035
Herd 21;fresh 8;396,1;mid;113;0,285281495
Herd 21;fresh 8;396,1;pan;175,4;0,44281747
Herd 21;fresh 9;370,8;top;72,4;0,195253506
Herd 21;fresh 9;370,8;mid;152;0,409924488
Herd 21;fresh 9;370,8;pan;146,4;0,394822006
Herd 21;refusals;507,2;top;150,2;0,296135647
Herd 21;refusals;507,2;mid;186,1;0,366916404
Herd 21;refusals;507,2;pan;170,9;0,33694795
Herd 22;fresh 1;340,1;top;47,6;0,139958836
Herd 22;fresh 1;340,1;mid;161,1;0,473684211
Herd 22;fresh 1;340,1;pan;131,4;0,386356954
Herd 22;fresh 2;332,4;top;57,6;0,173285199
Herd 22;fresh 2;332,4;mid;146,8;0,441636582
Herd 22;fresh 2;332,4;pan;128;0,385078219
Herd 22;fresh 3;332,6;top;61,9;0,186109441
Herd 22;fresh 3;332,6;mid;147,5;0,443475646
Herd 22;fresh 3;332,6;pan;123,2;0,370414913
Herd 22;fresh 4;309,6;top;37,4;0,120801034
Herd 22;fresh 4;309,6;mid;151;0,487726098
Herd 22;fresh 4;309,6;pan;121,2;0,391472868
Herd 22;fresh 5;295,2;top;40,6;0,137533875
Herd 22;fresh 5;295,2;mid;105,9;0,358739837
Herd 22;fresh 5;295,2;pan;148,7;0,503726287
Herd 22;fresh 6;340;top;59,4;0,174705882
Herd 22;fresh 6;340;mid;146,6;0,431176471
Herd 22;fresh 6;340;pan;134;0,394117647
Herd 22;fresh 7;420;top;79,4;0,189047619
Herd 22;fresh 7;420;mid;180,7;0,430238095
Herd 22;fresh 7;420;pan;159,9;0,380714286
Herd 22;fresh 8;285,3;top;55,3;0,193831055
Herd 22;fresh 8;285,3;mid;114,5;0,401331931
Herd 22;fresh 8;285,3;pan;115,5;0,404837014
Herd 22;fresh 9;324,5;top;86;0,265023112
Herd 22;fresh 9;324,5;mid;118,7;0,365793529
Herd 22;fresh 9;324,5;pan;119,8;0,369183359
Herd 22;fresh 10;405,7;top;81,8;0,201626818
Herd 22;fresh 10;405,7;mid;165,1;0,406950949
Herd 22;fresh 10;405,7;pan;158,8;0,391422233
Herd 22;refusals;351,5;top;53,6;0,152489331
Herd 22;refusals;351,5;mid;154,2;0,438691323
Herd 22;refusals;351,5;pan;143,7;0,408819346
Herd 23;fresh 1;344,7;top;47,3;0,137220772
Herd 23;fresh 1;344,7;mid;118,4;0,34348709
Herd 23;fresh 1;344,7;pan;179;0,519292138
Herd 23;fresh 2;412,5;top;98,8;0,239515152
Herd 23;fresh 2;412,5;mid;116,9;0,283393939
Herd 23;fresh 2;412,5;pan;196,8;0,477090909
Herd 23;fresh 3;304,1;top;54,1;0,177902006
Herd 23;fresh 3;304,1;mid;83,8;0,275567248
Herd 23;fresh 3;304,1;pan;166,2;0,546530746
Herd 23;fresh 4;565,9;top;126,5;0,223537728
Herd 23;fresh 4;565,9;mid;163;0,288036756
Herd 23;fresh 4;565,9;pan;276,4;0,488425517
Herd 23;fresh 5;389,4;top;59,8;0,153569594
Herd 23;fresh 5;389,4;mid;120,2;0,308680021
Herd 23;fresh 5;389,4;pan;209,4;0,537750385
Herd 23;fresh 6;545,4;top;87,2;0,159882655
Herd 23;fresh 6;545,4;mid;211,6;0,387972131
Herd 23;fresh 6;545,4;pan;246,6;0,452145215
Herd 23;fresh 7;611,7;top;141,1;0,230668628
Herd 23;fresh 7;611,7;mid;173,3;0,283308812
Herd 23;fresh 7;611,7;pan;297,3;0,48602256
Herd 23;fresh 8;437,9;top;69,5;0,158712035
Herd 23;fresh 8;437,9;mid;140,2;0,320164421
Herd 23;fresh 8;437,9;pan;228,2;0,521123544
Herd 23;fresh 9;435,3;top;60,5;0,138984608
Herd 23;fresh 9;435,3;mid;132,3;0,303928325
Herd 23;fresh 9;435,3;pan;242,5;0,557087066
Herd 23;fresh 10;524,7;top;103,9;0,198017915
Herd 23;fresh 10;524,7;mid;161,5;0,30779493
Herd 23;fresh 10;524,7;pan;259,3;0,494187155
Herd 23;refusals;594,4;top;198,3;0,333613728
Herd 23;refusals;594,4;mid;163,5;0,275067295
Herd 23;refusals;594,4;pan;232,6;0,391318977
Herd 24;fresh 1;545;top;188,4;0,345688073
Herd 24;fresh 1;545;mid;160,4;0,294311927
Herd 24;fresh 1;545;pan;196,2;0,36
Herd 24;fresh 2;500,5;top;134,2;0,268131868
Herd 24;fresh 2;500,5;mid;166,2;0,332067932
Herd 24;fresh 2;500,5;pan;200,1;0,3998002
Herd 24;fresh 3;450,6;top;110,3;0,244784731
Herd 24;fresh 3;450,6;mid;145,1;0,322015091
Herd 24;fresh 3;450,6;pan;195,2;0,433200178
Herd 24;fresh 4;379,2;top;105,6;0,278481013
Herd 24;fresh 4;379,2;mid;109,5;0,288765823
Herd 24;fresh 4;379,2;pan;164,1;0,432753165
Herd 24;fresh 5;308,3;top;106,5;0,345442751
Herd 24;fresh 5;308,3;mid;81,4;0,264028544
Herd 24;fresh 5;308,3;pan;120,4;0,390528706
Herd 24;fresh 6;342,2;top;93,7;0,273816482
Herd 24;fresh 6;342,2;mid;108;0,315604909
Herd 24;fresh 6;342,2;pan;140,5;0,410578609
Herd 24;fresh 7;342,8;top;140;0,4084014
Herd 24;fresh 7;342,8;mid;80,9;0,235997666
Herd 24;fresh 7;342,8;pan;121,9;0,355600933
Herd 24;fresh 8;391,1;top;116,1;0,296855024
Herd 24;fresh 8;391,1;mid;118,3;0,302480184
Herd 24;fresh 8;391,1;pan;156,7;0,400664792
Herd 24;fresh 9;381,6;top;157;0,411425577
Herd 24;fresh 9;381,6;mid;86,7;0,227201258
Herd 24;fresh 9;381,6;pan;137,9;0,361373166
Herd 24;fresh 10;421,2;top;106,6;0,25308642
Herd 24;fresh 10;421,2;mid;141,2;0,335232669
Herd 24;fresh 10;421,2;pan;173,4;0,411680912
Herd 24;refusals;656;top;331;0,504573171
Herd 24;refusals;656;mid;141;0,214939024
Herd 24;refusals;656;pan;184;0,280487805
Herd 25;fresh 1;322,9;top;15,7;0,048621864
Herd 25;fresh 1;322,9;mid;179,3;0,555280273
Herd 25;fresh 1;322,9;pan;127,9;0,396097863
Herd 25;fresh 2;371,2;top;57,1;0,153825431
Herd 25;fresh 2;371,2;mid;197,4;0,531788793
Herd 25;fresh 2;371,2;pan;116,7;0,314385776
Herd 25;fresh 3;344;top;17,7;0,051453488
Herd 25;fresh 3;344;mid;186,2;0,54127907
Herd 25;fresh 3;344;pan;140,1;0,407267442
Herd 25;fresh 4;358,1;top;19;0,053057805
Herd 25;fresh 4;358,1;mid;190,7;0,532532812
Herd 25;fresh 4;358,1;pan;148,4;0,414409383
Herd 25;fresh 5;378,4;top;36,3;0,095930233
Herd 25;fresh 5;378,4;mid;210,7;0,556818182
Herd 25;fresh 5;378,4;pan;131,4;0,347251586
Herd 25;fresh 6;348,5;top;16,7;0,047919656
Herd 25;fresh 6;348,5;mid;192,2;0,551506456
Herd 25;fresh 6;348,5;pan;139,6;0,400573888
Herd 25;fresh 7;291,5;top;26;0,089193825
Herd 25;fresh 7;291,5;mid;162,7;0,558147513
Herd 25;fresh 7;291,5;pan;102,8;0,352658662
Herd 25;fresh 8;341,8;top;25,4;0,074312463
Herd 25;fresh 8;341,8;mid;188,5;0,551492101
Herd 25;fresh 8;341,8;pan;127,9;0,374195436
Herd 25;fresh 9;316,7;top;27,3;0,086201452
Herd 25;fresh 9;316,7;mid;171,7;0,542153458
Herd 25;fresh 9;316,7;pan;117,7;0,37164509
Herd 25;fresh 10;336,6;top;49,4;0,146761735
Herd 25;fresh 10;336,6;mid;176;0,522875817
Herd 25;fresh 10;336,6;pan;111,2;0,330362448
Herd 25;refusals;204,2;top;34,1;0,166993144
Herd 25;refusals;204,2;mid;158,7;0,777179236
Herd 25;refusals;204,2;pan;11,4;0,05582762
Herd 18;fresh 1;319,6;top;106,8;0,33416771
Herd 18;fresh 1;319,6;mid;104,1;0,32571965
Herd 18;fresh 1;319,6;pan;108,7;0,340112641
Herd 18;fresh 2;681,3;top;337;0,494642595
Herd 18;fresh 2;681,3;mid;152,3;0,223543226
Herd 18;fresh 2;681,3;pan;192;0,281814179
Herd 18;fresh 3;457,5;top;129,5;0,283060109
Herd 18;fresh 3;457,5;mid;141,6;0,309508197
Herd 18;fresh 3;457,5;pan;186,4;0,407431694
Herd 18;fresh 4;471,5;top;141,9;0,300954401
Herd 18;fresh 4;471,5;mid;144,8;0,307104984
Herd 18;fresh 4;471,5;pan;184,8;0,391940615
Herd 18;fresh 5;307,6;top;76,4;0,248374512
Herd 18;fresh 5;307,6;mid;99,2;0,322496749
Herd 18;fresh 5;307,6;pan;132;0,429128739
Herd 18;fresh 6;226,6;top;65,7;0,289938217
Herd 18;fresh 6;226,6;mid;67,5;0,29788173
Herd 18;fresh 6;226,6;pan;93,4;0,412180053
Herd 18;fresh 7;345,2;top;106,8;0,309385863
Herd 18;fresh 7;345,2;mid;96,7;0,280127462
Herd 18;fresh 7;345,2;pan;141,7;0,410486674
Herd 18;fresh 8;428;top;136,5;0,318925234
Herd 18;fresh 8;428;mid;119;0,278037383
Herd 18;fresh 8;428;pan;172,5;0,403037383
Herd 18;fresh 9;342,2;top;88,2;0,257744009
Herd 18;fresh 9;342,2;mid;104,3;0,304792519
Herd 18;fresh 9;342,2;pan;149,7;0,437463472
Herd 18;fresh 10;426,6;top;119,2;0,279418659
Herd 18;fresh 10;426,6;mid;120,7;0,282934834
Herd 18;fresh 10;426,6;pan;186,7;0,437646507
Herd 18;refusals;394,1;top;123,4;0,313118498
Herd 18;refusals;394,1;mid;95;0,24105557
Herd 18;refusals;394,1;pan;175,7;0,445825933
Herd 26;fresh 1;380,5;top;89,2;0,234428384
Herd 26;fresh 1;380,5;mid;118,1;0,310381078
Herd 26;fresh 1;380,5;pan;173,2;0,455190539
Herd 26;fresh 2;346,3;top;66,5;0,192030032
Herd 26;fresh 2;346,3;mid;123,6;0,356915969
Herd 26;fresh 2;346,3;pan;156,2;0,451053999
Herd 26;fresh 3;344,5;top;54,6;0,158490566
Herd 26;fresh 3;344,5;mid;117,4;0,340783745
Herd 26;fresh 3;344,5;pan;172,5;0,500725689
Herd 26;fresh 4;474,7;top;106,9;0,22519486
Herd 26;fresh 4;474,7;mid;162,1;0,341478829
Herd 26;fresh 4;474,7;pan;205,7;0,433326311
Herd 26;fresh 5;487,9;top;93,1;0,190817791
Herd 26;fresh 5;487,9;mid;149,7;0,306825169
Herd 26;fresh 5;487,9;pan;245,1;0,50235704
Herd 26;fresh 6;556,1;top;113,8;0,204639453
Herd 26;fresh 6;556,1;mid;185,6;0,333752922
Herd 26;fresh 6;556,1;pan;256,7;0,461607625
Herd 26;fresh 7;383,5;top;87,9;0,229204694
Herd 26;fresh 7;383,5;mid;121,9;0,317861799
Herd 26;fresh 7;383,5;pan;173,7;0,452933507
Herd 26;fresh 8;345,7;top;61,3;0,177321377
Herd 26;fresh 8;345,7;mid;121,1;0,350303732
Herd 26;fresh 8;345,7;pan;163,3;0,472374892
Herd 26;fresh 9;337,2;top;78,1;0,231613286
Herd 26;fresh 9;337,2;mid;104,9;0,31109134
Herd 26;fresh 9;337,2;pan;154,2;0,457295374
Herd 26;fresh 10;320,1;top;51,5;0,160887223
Herd 26;fresh 10;320,1;mid;115,6;0,361137145
Herd 26;fresh 10;320,1;pan;153;0,477975633
Herd 26;refusals;334;top;63,8;0,191017964
Herd 26;refusals;334;mid;137,1;0,410479042
Herd 26;refusals;334;pan;133,1;0,398502994
Herd 27;fresh 1;290,4;top;11,5;0,039600551
Herd 27;fresh 1;290,4;mid;149,7;0,515495868
Herd 27;fresh 1;290,4;pan;129,2;0,444903581
Herd 27;fresh 2;328,6;top;16;0,048691418
Herd 27;fresh 2;328,6;mid;174;0,529519172
Herd 27;fresh 2;328,6;pan;138,6;0,42178941
Herd 27;fresh 3;364,5;top;26,9;0,073799726
Herd 27;fresh 3;364,5;mid;196,5;0,53909465
Herd 27;fresh 3;364,5;pan;141,1;0,387105624
Herd 27;fresh 4;300,6;top;13,4;0,044577512
Herd 27;fresh 4;300,6;mid;161,1;0,535928144
Herd 27;fresh 4;300,6;pan;126,1;0,419494345
Herd 27;fresh 5;317,7;top;14,9;0,046899591
Herd 27;fresh 5;317,7;mid;167,4;0,526912181
Herd 27;fresh 5;317,7;pan;135,4;0,426188228
Herd 27;fresh 6;364,1;top;23,1;0,063444109
Herd 27;fresh 6;364,1;mid;191,6;0,526229058
Herd 27;fresh 6;364,1;pan;149,4;0,410326833
Herd 27;fresh 7;340,4;top;19,7;0,05787309
Herd 27;fresh 7;340,4;mid;184,3;0,541421857
Herd 27;fresh 7;340,4;pan;136,4;0,400705053
Herd 27;fresh 8;306,1;top;22,8;0,074485462
Herd 27;fresh 8;306,1;mid;163,6;0,534465861
Herd 27;fresh 8;306,1;pan;119,7;0,391048677
Herd 27;fresh 9;304,3;top;16,2;0,053236937
Herd 27;fresh 9;304,3;mid;164,4;0,540256326
Herd 27;fresh 9;304,3;pan;123,7;0,406506737
Herd 27;fresh 10;302,2;top;17,4;0,057577763
Herd 27;fresh 10;302,2;mid;165,3;0,546988749
Herd 27;fresh 10;302,2;pan;119,5;0,395433488
Herd 27;refusals;326,2;top;16;0,049049663
Herd 27;refusals;326,2;mid;175,8;0,53893317
Herd 27;refusals;326,2;pan;134,4;0,412017167
Herd 28;fresh 1;263,3;top;70,1;0,266236232
Herd 28;fresh 1;263,3;mid;90,6;0,344094189
Herd 28;fresh 1;263,3;pan;102,6;0,389669578
Herd 28;fresh 2;285,4;top;80;0,280308339
Herd 28;fresh 2;285,4;mid;98,8;0,346180799
Herd 28;fresh 2;285,4;pan;106,6;0,373510862
Herd 28;fresh 3;304,8;top;114,8;0,37664042
Herd 28;fresh 3;304,8;mid;92;0,30183727
Herd 28;fresh 3;304,8;pan;98;0,32152231
Herd 28;fresh 4;324,8;top;98,2;0,302339901
Herd 28;fresh 4;324,8;mid;106,3;0,327278325
Herd 28;fresh 4;324,8;pan;120,3;0,370381773
Herd 28;fresh 5;322,4;top;89,6;0,277915633
Herd 28;fresh 5;322,4;mid;123,4;0,382754342
Herd 28;fresh 5;322,4;pan;109,4;0,339330025
Herd 28;fresh 6;269,8;top;66,5;0,246478873
Herd 28;fresh 6;269,8;mid;93,8;0,347664937
Herd 28;fresh 6;269,8;pan;109,5;0,40585619
Herd 28;fresh 7;299,4;top;71,4;0,238476954
Herd 28;fresh 7;299,4;mid;106,5;0,355711423
Herd 28;fresh 7;299,4;pan;121,5;0,405811623
Herd 28;fresh 8;296,2;top;79,2;0,267386901
Herd 28;fresh 8;296,2;mid;105,2;0,355165429
Herd 28;fresh 8;296,2;pan;111,8;0,37744767
Herd 28;fresh 9;299;top;73,5;0,245819398
Herd 28;fresh 9;299;mid;105,8;0,353846154
Herd 28;fresh 9;299;pan;119,7;0,400334448
Herd 28;fresh 10;329,2;top;95;0,288578372
Herd 28;fresh 10;329,2;mid;113,6;0,345078979
Herd 28;fresh 10;329,2;pan;120,6;0,366342649
Herd 28;refusals;252,6;top;55,7;0,22050673
Herd 28;refusals;252,6;mid;99,9;0,395486936
Herd 28;refusals;252,6;pan;97;0,384006334
Herd 29;fresh 1;632;top;139,4;0,22056962
Herd 29;fresh 1;632;mid;202,5;0,320411392
Herd 29;fresh 1;632;pan;290,1;0,459018987
Herd 29;fresh 2;493,5;top;111,3;0,225531915
Herd 29;fresh 2;493,5;mid;147,7;0,29929078
Herd 29;fresh 2;493,5;pan;234,5;0,475177305
Herd 29;fresh 3;446,4;top;146,3;0,327732975
Herd 29;fresh 3;446,4;mid;104,5;0,234094982
Herd 29;fresh 3;446,4;pan;195,6;0,438172043
Herd 29;fresh 4;500,2;top;156;0,31187525
Herd 29;fresh 4;500,2;mid;112,2;0,224310276
Herd 29;fresh 4;500,2;pan;232;0,463814474
Herd 29;fresh 5;408,6;top;162,9;0,398678414
Herd 29;fresh 5;408,6;mid;86,8;0,212432697
Herd 29;fresh 5;408,6;pan;158,9;0,388888889
Herd 29;refusals;448,5;top;168;0,37458194
Herd 29;refusals;448,5;mid;114,1;0,254403567
Herd 29;refusals;448,5;pan;166,4;0,371014493
Herd 30;fresh 1;353,9;top;96,9;0,27380616
Herd 30;fresh 1;353,9;mid;116,7;0,329754168
Herd 30;fresh 1;353,9;pan;140,3;0,396439672
Herd 30;fresh 2;446,6;top;151;0,338110166
Herd 30;fresh 2;446,6;mid;22,4;0,05015674
Herd 30;fresh 2;446,6;pan;273,2;0,611733094
Herd 30;fresh 3;557,1;top;134,9;0,242146832
Herd 30;fresh 3;557,1;mid;185,9;0,333692335
Herd 30;fresh 3;557,1;pan;236,3;0,424160833
Herd 30;fresh 4;611,3;top;148,3;0,242597743
Herd 30;fresh 4;611,3;mid;209;0,341894324
Herd 30;fresh 4;611,3;pan;254;0,415507934
Herd 30;fresh 5;593,8;top;131,3;0,221118222
Herd 30;fresh 5;593,8;mid;194,6;0,327719771
Herd 30;fresh 5;593,8;pan;267,9;0,451162007
Herd 30;refusals;661,9;top;148,8;0,224807373
Herd 30;refusals;661,9;mid;248,1;0,374830035
Herd 30;refusals;661,9;pan;265;0,400362593
Herd 31;fresh 1;436,5;top;11,4;0,026116838
Herd 31;fresh 1;436,5;mid;234,4;0,536998855
Herd 31;fresh 1;436,5;pan;190,7;0,436884307
Herd 31;fresh 2;311;top;4,3;0,013826367
Herd 31;fresh 2;311;mid;219,7;0,706430868
Herd 31;fresh 2;311;pan;87;0,279742765
Herd 31;fresh 3;454,3;top;16,9;0,037200088
Herd 31;fresh 3;454,3;mid;268,6;0,591239269
Herd 31;fresh 3;454,3;pan;168,8;0,371560643
Herd 31;fresh 4;634,9;top;84,6;0,133249331
Herd 31;fresh 4;634,9;mid;294,4;0,46369507
Herd 31;fresh 4;634,9;pan;255,9;0,403055599
Herd 31;fresh 6;333;top;9,2;0,027627628
Herd 31;fresh 6;333;mid;197,3;0,592492492
Herd 31;fresh 6;333;pan;126,5;0,37987988
Herd 31;fresh 7;404,7;top;12,2;0,030145787
Herd 31;fresh 7;404,7;mid;214,2;0,529280949
Herd 31;fresh 7;404,7;pan;178,3;0,440573264
Herd 31;fresh 8;312,9;top;12,1;0,033397737
Herd 31;fresh 8;312,9;mid;189;0,521667127
Herd 31;fresh 8;312,9;pan;161,2;0,444935137
Herd 31;fresh 9;430,6;top;75,8;0,176033442
Herd 31;fresh 9;430,6;mid;188;0,436600093
Herd 31;fresh 9;430,6;pan;166,8;0,387366465
Herd 31;fresh 10;489,2;top;26,9;0,054987735
Herd 31;fresh 10;489,2;mid;218,3;0,446238757
Herd 31;fresh 10;489,2;pan;244;0,498773508
Herd 31;refusals;426,9;top;36,5;0,085500117
Herd 31;refusals;426,9;mid;251,9;0,590067932
Herd 31;refusals;426,9;pan;138,5;0,324431951
Herd 32;fresh 1;153,9;top;2,8;0,015463918
Herd 32;fresh 1;153,9;mid;56,9;0,449742268
Herd 32;fresh 1;153,9;pan;94,2;0,534793814
Herd 32;fresh 2;202,6;top;4,9;0,024185587
Herd 32;fresh 2;202,6;mid;74;0,365251728
Herd 32;fresh 2;202,6;pan;123,7;0,610562685
Herd 32;fresh 3;214,8;top;7,3;0,033985102
Herd 32;fresh 3;214,8;mid;94,8;0,441340782
Herd 32;fresh 3;214,8;pan;112,7;0,524674115
Herd 32;fresh 4;232,8;top;3,6;0,015463918
Herd 32;fresh 4;232,8;mid;104,7;0,449742268
Herd 32;fresh 4;232,8;pan;124,5;0,534793814
Herd 32;fresh 5;316,1;top;5,7;0,018032268
Herd 32;fresh 5;316,1;mid;150,5;0,476115153
Herd 32;fresh 5;316,1;pan;159,9;0,505852578
Herd 33;fresh 1;293,3;top;49,4;0,16842823
Herd 33;fresh 1;293,3;mid;141,2;0,481418343
Herd 33;fresh 1;293,3;pan;102,7;0,350153427
Herd 33;fresh 2;310,5;top;47,1;0,151690821
Herd 33;fresh 2;310,5;mid;151,5;0,487922705
Herd 33;fresh 2;310,5;pan;111,9;0,360386473
Herd 33;fresh 3;409,6;top;80,4;0,196289063
Herd 33;fresh 3;409,6;mid;194,2;0,474121094
Herd 33;fresh 3;409,6;pan;135;0,329589844
Herd 33;fresh 4;541,3;top;123,1;0,227415481
Herd 33;fresh 4;541,3;mid;246,3;0,455015703
Herd 33;fresh 4;541,3;pan;171,9;0,317568816
Herd 33;fresh 5;433,1;top;107,6;0,248441468
Herd 33;fresh 5;433,1;mid;192,5;0,444470099
Herd 33;fresh 5;433,1;pan;133;0,307088432
Herd 33;fresh 6;418,4;top;97,2;0,232313576
Herd 33;fresh 6;418,4;mid;186,6;0,445984704
Herd 33;fresh 6;418,4;pan;134,6;0,321701721
Herd 33;fresh 7;370,8;top;71,7;0,193365696
Herd 33;fresh 7;370,8;mid;173,9;0,468985976
Herd 33;fresh 7;370,8;pan;125,2;0,337648328
Herd 33;fresh 8;346,2;top;58,4;0,168688619
Herd 33;fresh 8;346,2;mid;162,8;0,470248411
Herd 33;fresh 8;346,2;pan;125;0,361062969
Herd 33;fresh 9;286,2;top;50,6;0,176799441
Herd 33;fresh 9;286,2;mid;135,9;0,474842767
Herd 33;fresh 9;286,2;pan;99,7;0,348357792
Herd 33;fresh 10;438,1;top;93,3;0,212965076
Herd 33;fresh 10;438,1;mid;188,1;0,429354029
Herd 33;fresh 10;438,1;pan;156,7;0,357680895
Herd 33;refusals;360;top;71;0,197222222
Herd 33;refusals;360;mid;175;0,486111111
Herd 33;refusals;360;pan;114;0,316666667
Herd 34;fresh 1;337,8;top;65,7;0,194493783
Herd 34;fresh 1;337,8;mid;122;0,36116045
Herd 34;fresh 1;337,8;pan;150,1;0,444345767
Herd 34;fresh 2;309,9;top;15,1;0,048725395
Herd 34;fresh 2;309,9;mid;136,7;0,441110035
Herd 34;fresh 2;309,9;pan;158,1;0,510164569
Herd 34;fresh 3;287,1;top;30,7;0,106931383
Herd 34;fresh 3;287,1;mid;109,2;0,380355277
Herd 34;fresh 3;287,1;pan;147,2;0,51271334
Herd 34;fresh 4;299,4;top;8;0,026720107
Herd 34;fresh 4;299,4;mid;136,9;0,457247829
Herd 34;fresh 4;299,4;pan;154,5;0,516032064
Herd 34;fresh 5;347,9;top;40;0,114975568
Herd 34;fresh 5;347,9;mid;142,2;0,408738143
Herd 34;fresh 5;347,9;pan;165,7;0,476286289
Herd 34;fresh 6;312,1;top;80,5;0,257930151
Herd 34;fresh 6;312,1;mid;102,7;0,329061198
Herd 34;fresh 6;312,1;pan;128,9;0,413008651
Herd 34;fresh 7;299,3;top;56,2;0,187771467
Herd 34;fresh 7;299,3;mid;98,4;0,328767123
Herd 34;fresh 7;299,3;pan;144,7;0,48346141
Herd 34;fresh 8;240,2;top;52,6;0,21898418
Herd 34;fresh 8;240,2;mid;68,5;0,285179017
Herd 34;fresh 8;240,2;pan;119,1;0,495836803
Herd 34;fresh 9;274,8;top;33;0,120087336
Herd 34;fresh 9;274,8;mid;109;0,396652111
Herd 34;fresh 9;274,8;pan;132,8;0,483260553
Herd 34;fresh 10;330,5;top;18,5;0,055975794
Herd 34;fresh 10;330,5;mid;139,5;0,422087746
Herd 34;fresh 10;330,5;pan;172,5;0,52193646
Herd 34;refusals;295,8;top;58,8;0,198782961
Herd 34;refusals;295,8;mid;111,8;0,37795808
Herd 34;refusals;295,8;pan;125,2;0,423258959
Herd 35;fresh 1;322,9;top;68,7;0,212759368
Herd 35;fresh 1;322,9;mid;138,4;0,42861567
Herd 35;fresh 1;322,9;pan;115,8;0,358624961
Herd 35;fresh 2;335,2;top;77,2;0,230310263
Herd 35;fresh 2;335,2;mid;135,8;0,405131265
Herd 35;fresh 2;335,2;pan;122,2;0,364558473
Herd 35;fresh 3;271,3;top;52,5;0,193512717
Herd 35;fresh 3;271,3;mid;123,9;0,456690011
Herd 35;fresh 3;271,3;pan;94,9;0,349797272
Herd 35;fresh 4;285,3;top;58,4;0,20469681
Herd 35;fresh 4;285,3;mid;125,6;0,440238346
Herd 35;fresh 4;285,3;pan;101,3;0,355064844
Herd 35;fresh 5;265,1;top;52,6;0,198415692
Herd 35;fresh 5;265,1;mid;111,4;0,420218785
Herd 35;fresh 5;265,1;pan;101,1;0,381365522
Herd 35;fresh 6;326,5;top;79,8;0,244410413
Herd 35;fresh 6;326,5;mid;130,3;0,399081164
Herd 35;fresh 6;326,5;pan;116,4;0,356508423
Herd 35;fresh 7;315,6;top;57,9;0,183460076
Herd 35;fresh 7;315,6;mid;136,4;0,432192649
Herd 35;fresh 7;315,6;pan;121,3;0,384347275
Herd 35;fresh 8;285,2;top;56,5;0,198106592
Herd 35;fresh 8;285,2;mid;122,3;0,428821879
Herd 35;fresh 8;285,2;pan;106,4;0,373071529
Herd 35;fresh 9;278,5;top;45;0,161579892
Herd 35;fresh 9;278,5;mid;123,9;0,444883303
Herd 35;fresh 9;278,5;pan;109,6;0,393536804
Herd 35;fresh 10;321,5;top;78;0,242612753
Herd 35;fresh 10;321,5;mid;132,4;0,411819596
Herd 35;fresh 10;321,5;pan;111,1;0,345567652
Herd 35;refusals;262,7;top;79,6;0,303007233
Herd 35;refusals;262,7;mid;102,6;0,390559574
Herd 35;refusals;262,7;pan;80,5;0,306433194
Herd 36;fresh 1;220,8;top;61,1;0,276721014
Herd 36;fresh 1;220,8;mid;91,3;0,413496377
Herd 36;fresh 1;220,8;pan;68,4;0,309782609
Herd 36;fresh 2;230,9;top;61,9;0,268081421
Herd 36;fresh 2;230,9;mid;100,4;0,434820269
Herd 36;fresh 2;230,9;pan;68,6;0,297098311
Herd 36;fresh 3;266,1;top;62,7;0,235625705
Herd 36;fresh 3;266,1;mid;123,3;0,463359639
Herd 36;fresh 3;266,1;pan;80,1;0,301014656
Herd 36;fresh 4;256,8;top;49,8;0,193925234
Herd 36;fresh 4;256,8;mid;124,6;0,485202492
Herd 36;fresh 4;256,8;pan;82,4;0,320872274
Herd 36;fresh 5;200,5;top;47,4;0,236408978
Herd 36;fresh 5;200,5;mid;95,1;0,474314214
Herd 36;fresh 5;200,5;pan;58;0,289276808
Herd 36;fresh 6;230,9;top;64,8;0,28064097
Herd 36;fresh 6;230,9;mid;100,3;0,434387181
Herd 36;fresh 6;230,9;pan;65,8;0,284971849
Herd 36;fresh 7;237,6;top;77,1;0,324494949
Herd 36;fresh 7;237,6;mid;96;0,404040404
Herd 36;fresh 7;237,6;pan;64,5;0,271464646
Herd 36;fresh 8;252,5;top;66,1;0,261782178
Herd 36;fresh 8;252,5;mid;112,1;0,443960396
Herd 36;fresh 8;252,5;pan;74,3;0,294257426
Herd 36;fresh 9;222;top;54;0,243243243
Herd 36;fresh 9;222;mid;101,4;0,456756757
Herd 36;fresh 9;222;pan;66,6;0,3
Herd 36;fresh 10;282,8;top;110,7;0,391442716
Herd 36;fresh 10;282,8;mid;102;0,360678925
Herd 36;fresh 10;282,8;pan;70,1;0,247878359
Herd 36;refusals;227;top;61;0,268722467
Herd 36;refusals;227;mid;112,8;0,4969163
Herd 36;refusals;227;pan;53,2;0,234361233
Herd 37;fresh 1;298,7;top;15,1;0,050552394
Herd 37;fresh 1;298,7;mid;150,5;0,503850017
Herd 37;fresh 1;298,7;pan;133,1;0,44559759
Herd 37;fresh 2;238,9;top;9,2;0,038509837
Herd 37;fresh 2;238,9;mid;113,4;0,474675596
Herd 37;fresh 2;238,9;pan;116,3;0,486814567
Herd 37;fresh 3;222,3;top;4,3;0,01934323
Herd 37;fresh 3;222,3;mid;110,4;0,496626181
Herd 37;fresh 3;222,3;pan;107,6;0,484030589
Herd 37;fresh 4;219;top;8,3;0,037899543
Herd 37;fresh 4;219;mid;102,4;0,467579909
Herd 37;fresh 4;219;pan;108,3;0,494520548
Herd 37;fresh 5;222,3;top;5,6;0,025191183
Herd 37;fresh 5;222,3;mid;111,6;0,502024291
Herd 37;fresh 5;222,3;pan;105,1;0,472784525
Herd 37;fresh 6;235,6;top;4,5;0,01910017
Herd 37;fresh 6;235,6;mid;112,3;0,476655348
Herd 37;fresh 6;235,6;pan;118,8;0,504244482
Herd 37;fresh 7;209,5;top;5,1;0,024343675
Herd 37;fresh 7;209,5;mid;100,2;0,478281623
Herd 37;fresh 7;209,5;pan;104,2;0,497374702
Herd 37;fresh 8;249,1;top;9;0,036130068
Herd 37;fresh 8;249,1;mid;129,8;0,521075873
Herd 37;fresh 8;249,1;pan;110,3;0,442794059
Herd 37;fresh 9;274,3;top;20,5;0,074735691
Herd 37;fresh 9;274,3;mid;133,8;0,487787094
Herd 37;fresh 9;274,3;pan;120;0,437477215
Herd 37;fresh 10;265,4;top;12,2;0,04596835
Herd 37;fresh 10;265,4;mid;129;0,486058779
Herd 37;fresh 10;265,4;pan;124,2;0,467972871
Herd 37;refusals;233,7;top;7;0,029952931
Herd 37;refusals;233,7;mid;126,9;0,543003851
Herd 37;refusals;233,7;pan;99,8;0,427043218
Herd 38;fresh 1;255,9;top;10,6;0,041422431
Herd 38;fresh 1;255,9;mid;98,2;0,38374365
Herd 38;fresh 1;255,9;pan;147,1;0,574833919
Herd 38;fresh 2;291,9;top;4,6;0,015758822
Herd 38;fresh 2;291,9;mid;187,7;0,643028434
Herd 38;fresh 2;291,9;pan;99,6;0,341212744
Herd 38;fresh 3;401,8;top;2,4;0,005973121
Herd 38;fresh 3;401,8;mid;172,4;0,429069189
Herd 38;fresh 3;401,8;pan;227;0,56495769
Herd 38;fresh 4;333,9;top;3,7;0,011081162
Herd 38;fresh 4;333,9;mid;136;0,407307577
Herd 38;fresh 4;333,9;pan;194,2;0,581611261
Herd 38;fresh 5;344,7;top;4,3;0,012474616
Herd 38;fresh 5;344,7;mid;146,9;0,426167682
Herd 38;fresh 5;344,7;pan;193,5;0,561357702
Herd 38;fresh 6;258,8;top;2,8;0,010819165
Herd 38;fresh 6;258,8;mid;100,9;0,389876352
Herd 38;fresh 6;258,8;pan;155,1;0,599304482
Herd 38;fresh 7;263,3;top;3,5;0,013292822
Herd 38;fresh 7;263,3;mid;106,7;0,40524117
Herd 38;fresh 7;263,3;pan;153,1;0,581466008
Herd 38;fresh 8;369;top;2,3;0,006233062
Herd 38;fresh 8;369;mid;148,7;0,40298103
Herd 38;fresh 8;369;pan;218;0,590785908
Herd 38;fresh 9;336,4;top;3,9;0,011593341
Herd 38;fresh 9;336,4;mid;132;0,392390012
Herd 38;fresh 9;336,4;pan;200,5;0,596016647
Herd 38;fresh 10;304,3;top;7;0,023003615
Herd 38;fresh 10;304,3;mid;116,3;0,38218863
Herd 38;fresh 10;304,3;pan;181;0,594807756
Herd 38;refusals;258,4;top;3,5;0,013544892
Herd 38;refusals;258,4;mid;90,6;0,350619195
Herd 38;refusals;258,4;pan;164,3;0,635835913
Herd 39;fresh 1;285,9;top;118,7;0,415180133
Herd 39;fresh 1;285,9;mid;76,4;0,267226303
Herd 39;fresh 1;285,9;pan;90,8;0,317593564
Herd 39;fresh 2;313,4;top;79,1;0,252393108
Herd 39;fresh 2;313,4;mid;124,8;0,398213146
Herd 39;fresh 2;313,4;pan;109,5;0,349393746
Herd 39;fresh 3;208,5;top;52,4;0,251318945
Herd 39;fresh 3;208,5;mid;87;0,417266187
Herd 39;fresh 3;208,5;pan;69,1;0,331414868
Herd 39;fresh 4;268,8;top;61,9;0,230282738
Herd 39;fresh 4;268,8;mid;117,8;0,438244048
Herd 39;fresh 4;268,8;pan;89,1;0,331473214
Herd 39;fresh 5;172,9;top;32,2;0,186234818
Herd 39;fresh 5;172,9;mid;76,5;0,442452285
Herd 39;fresh 5;172,9;pan;64,2;0,371312898
Herd 39;fresh 6;249,8;top;56,1;0,224579664
Herd 39;fresh 6;249,8;mid;107,1;0,428742994
Herd 39;fresh 6;249,8;pan;86,6;0,346677342
Herd 39;fresh 7;234;top;50,9;0,217521368
Herd 39;fresh 7;234;mid;100,5;0,429487179
Herd 39;fresh 7;234;pan;82,6;0,352991453
Herd 39;fresh 8;222,1;top;46;0,207113913
Herd 39;fresh 8;222,1;mid;99,1;0,446195407
Herd 39;fresh 8;222,1;pan;77;0,34669068
Herd 39;fresh 9;269,6;top;60,2;0,223293769
Herd 39;fresh 9;269,6;mid;119,5;0,443249258
Herd 39;fresh 9;269,6;pan;89,9;0,333456973
Herd 39;fresh 10;203,6;top;57,3;0,281434185
Herd 39;fresh 10;203,6;mid;75,6;0,371316306
Herd 39;fresh 10;203,6;pan;70,7;0,347249509
Herd 39;refusals;283,8;top;121,5;0,428118393
Herd 39;refusals;283,8;mid;102,5;0,361169838
Herd 39;refusals;283,8;pan;59,8;0,210711769
Herd 40;fresh 1;356,1;top;55,9;0,156978377
Herd 40;fresh 1;356,1;mid;135,8;0,381353552
Herd 40;fresh 1;356,1;pan;164,4;0,461668071
Herd 40;fresh 2;355,7;top;42,5;0,11948271
Herd 40;fresh 2;355,7;mid;144,4;0,405960079
Herd 40;fresh 2;355,7;pan;168,8;0,474557211
Herd 40;fresh 3;438,4;top;54,4;0,124087591
Herd 40;fresh 3;438,4;mid;175,4;0,400091241
Herd 40;fresh 3;438,4;pan;208,6;0,475821168
Herd 40;fresh 4;348,7;top;47,6;0,136507026
Herd 40;fresh 4;348,7;mid;132,6;0,380269573
Herd 40;fresh 4;348,7;pan;168,5;0,483223401
Herd 40;fresh 5;383,8;top;47;0,122459614
Herd 40;fresh 5;383,8;mid;146,2;0,380927566
Herd 40;fresh 5;383,8;pan;190,6;0,496612819
Herd 40;fresh 6;375,5;top;53,4;0,142210386
Herd 40;fresh 6;375,5;mid;150,3;0,400266312
Herd 40;fresh 6;375,5;pan;171,8;0,457523302
Herd 40;fresh 7;460,5;top;67;0,145494028
Herd 40;fresh 7;460,5;mid;181,7;0,394571118
Herd 40;fresh 7;460,5;pan;211,8;0,459934853
Herd 40;fresh 8;410,7;top;65,9;0,160457755
Herd 40;fresh 8;410,7;mid;158,7;0,38641344
Herd 40;fresh 8;410,7;pan;186,1;0,453128804
Herd 40;fresh 9;419,2;top;65;0,155057252
Herd 40;fresh 9;419,2;mid;162,8;0,388358779
Herd 40;fresh 9;419,2;pan;191,4;0,456583969
Herd 40;fresh 10;412,8;top;58,7;0,142199612
Herd 40;fresh 10;412,8;mid;161,7;0,391715116
Herd 40;fresh 10;412,8;pan;192,4;0,466085271
Herd 40;refusals;376,6;top;75,6;0,200743494
Herd 40;refusals;376,6;mid;158,7;0,421402018
Herd 40;refusals;376,6;pan;142,3;0,377854488
Herd 41;fresh 1;289,3;top;5,6;0,019357069
Herd 41;fresh 1;289,3;mid;142,6;0,49291393
Herd 41;fresh 1;289,3;pan;141,1;0,487729001
Herd 41;fresh 2;203,2;top;83,2;0,409448819
Herd 41;fresh 2;203,2;mid;57;0,280511811
Herd 41;fresh 2;203,2;pan;63;0,31003937
Herd 41;fresh 3;277,2;top;25;0,09018759
Herd 41;fresh 3;277,2;mid;133;0,47979798
Herd 41;fresh 3;277,2;pan;119,2;0,43001443
Herd 41;fresh 4;314,8;top;32,4;0,10292249
Herd 41;fresh 4;314,8;mid;143,8;0,456797967
Herd 41;fresh 4;314,8;pan;138,6;0,440279543
Herd 41;fresh 5;244,6;top;42,2;0,172526574
Herd 41;fresh 5;244,6;mid;105,5;0,431316435
Herd 41;fresh 5;244,6;pan;96,9;0,396156991
Herd 41;fresh 6;240,5;top;126,5;0,525987526
Herd 41;fresh 6;240,5;mid;58,8;0,244490644
Herd 41;fresh 6;240,5;pan;55,2;0,22952183
Herd 41;fresh 7;198,9;top;89,2;0,448466566
Herd 41;fresh 7;198,9;mid;56,3;0,283056812
Herd 41;fresh 7;198,9;pan;53,4;0,268476621
Herd 41;fresh 8;353,8;top;56,3;0,159129452
Herd 41;fresh 8;353,8;mid;149,2;0,421707179
Herd 41;fresh 8;353,8;pan;148,3;0,419163369
Herd 41;fresh 9;306,1;top;24;0,07840575
Herd 41;fresh 9;306,1;mid;134,8;0,440378961
Herd 41;fresh 9;306,1;pan;147,3;0,481215289
Herd 41;fresh 10;242,5;top;45,2;0,186391753
Herd 41;fresh 10;242,5;mid;91,3;0,376494845
Herd 41;fresh 10;242,5;pan;106;0,437113402
Herd 41;refusals;352,9;top;177,7;0,50354208
Herd 41;refusals;352,9;mid;86,6;0,245395296
Herd 41;refusals;352,9;pan;88,6;0,251062624
Herd 42;fresh 1;283,1;top;89;0,314376545
Herd 42;fresh 1;283,1;mid;80,7;0,285058283
Herd 42;fresh 1;283,1;pan;113,4;0,400565171
Herd 42;fresh 2;291,6;top;146,8;0,503429355
Herd 42;fresh 2;291,6;mid;50,3;0,172496571
Herd 42;fresh 2;291,6;pan;94,5;0,324074074
Herd 42;fresh 3;296,8;top;103,2;0,347708895
Herd 42;fresh 3;296,8;mid;80,1;0,269878706
Herd 42;fresh 3;296,8;pan;113,5;0,382412399
Herd 42;fresh 4;321,6;top;105,5;0,328047264
Herd 42;fresh 4;321,6;mid;82,5;0,256529851
Herd 42;fresh 4;321,6;pan;133,6;0,415422886
Herd 42;fresh 5;272,7;top;85;0,311697836
Herd 42;fresh 5;272,7;mid;72,8;0,266960029
Herd 42;fresh 5;272,7;pan;114,9;0,421342134
Herd 42;fresh 6;279,3;top;84,3;0,301825994
Herd 42;fresh 6;279,3;mid;75,9;0,271750806
Herd 42;fresh 6;279,3;pan;119,1;0,426423201
Herd 42;fresh 7;295,4;top;88,6;0,299932295
Herd 42;fresh 7;295,4;mid;84,9;0,287406906
Herd 42;fresh 7;295,4;pan;121,9;0,412660799
Herd 42;fresh 8;268,1;top;88,2;0,328981723
Herd 42;fresh 8;268,1;mid;67,9;0,253263708
Herd 42;fresh 8;268,1;pan;112;0,417754569
Herd 42;fresh 9;324,2;top;122,4;0,377544725
Herd 42;fresh 9;324,2;mid;73;0,225169648
Herd 42;fresh 9;324,2;pan;128,8;0,397285626
Herd 42;fresh 10;263,8;top;101,6;0,385140258
Herd 42;fresh 10;263,8;mid;62,8;0,238059136
Herd 42;fresh 10;263,8;pan;99,4;0,376800607
Herd 42;refusals;290,1;top;72,6;0,250258532
Herd 42;refusals;290,1;mid;87,4;0,301275422
Herd 42;refusals;290,1;pan;130,1;0,448466046
Herd 44;fresh 1;358,1;top;135,7;0,378944429
Herd 44;fresh 1;358,1;mid;70;0,195476124
Herd 44;fresh 1;358,1;pan;152,4;0,425579447
Herd 44;fresh 2;411,3;top;120,1;0,292000973
Herd 44;fresh 2;411,3;mid;108,5;0,263797715
Herd 44;fresh 2;411,3;pan;182,7;0,444201313
Herd 44;fresh 3;389,9;top;118;0,302641703
Herd 44;fresh 3;389,9;mid;113,7;0,291613234
Herd 44;fresh 3;389,9;pan;158,2;0,405745063
Herd 44;fresh 4;334,1;top;86,4;0,258605208
Herd 44;fresh 4;334,1;mid;106,1;0,31756959
Herd 44;fresh 4;334,1;pan;141,6;0,423825202
Herd 44;fresh 5;456,8;top;114,1;0,249781086
Herd 44;fresh 5;456,8;mid;141,1;0,308887916
Herd 44;fresh 5;456,8;pan;201,6;0,441330998
Herd 44;fresh 6;417,9;top;148;0,354151711
Herd 44;fresh 6;417,9;mid;113,7;0,272074659
Herd 44;fresh 6;417,9;pan;156,2;0,37377363
Herd 44;fresh 7;389,5;top;112,8;0,289602054
Herd 44;fresh 7;389,5;mid;124,5;0,319640565
Herd 44;fresh 7;389,5;pan;152,2;0,390757381
Herd 44;fresh 8;495,4;top;188,4;0,380298748
Herd 44;fresh 8;495,4;mid;125,1;0,252523214
Herd 44;fresh 8;495,4;pan;181,9;0,367178038
Herd 44;fresh 9;447,4;top;125,6;0,280733125
Herd 44;fresh 9;447,4;mid;125,2;0,27983907
Herd 44;fresh 9;447,4;pan;196,6;0,439427805
Herd 44;fresh 10;375,3;top;121,3;0,3232081
Herd 44;fresh 10;375,3;mid;106,8;0,284572342
Herd 44;fresh 10;375,3;pan;147,2;0,392219558
Herd 44;refusals;480,3;top;153,3;0,319175515
Herd 44;refusals;480,3;mid;118,3;0,246304393
Herd 44;refusals;480,3;pan;208,7;0,434520092
Herd 45;fresh 1;235,1;top;57,1;0,242875372
Herd 45;fresh 1;235,1;mid;92;0,391322841
Herd 45;fresh 1;235,1;pan;86;0,365801786
Herd 45;fresh 2;238,9;top;63,4;0,265383005
Herd 45;fresh 2;238,9;mid;84,2;0,352448723
Herd 45;fresh 2;238,9;pan;91,3;0,382168271
Herd 45;fresh 3;280,9;top;91,1;0,324314703
Herd 45;fresh 3;280,9;mid;88,6;0,315414738
Herd 45;fresh 3;280,9;pan;101,2;0,360270559
Herd 45;fresh 4;241,2;top;75,3;0,312189055
Herd 45;fresh 4;241,2;mid;77,3;0,320480929
Herd 45;fresh 4;241,2;pan;88,6;0,367330017
Herd 45;fresh 5;258,5;top;67,9;0,262669246
Herd 45;fresh 5;258,5;mid;92,6;0,358220503
Herd 45;fresh 5;258,5;pan;98;0,379110251
Herd 45;fresh 6;227,8;top;66,8;0,293239684
Herd 45;fresh 6;227,8;mid;76,8;0,33713784
Herd 45;fresh 6;227,8;pan;84,2;0,369622476
Herd 45;fresh 7;231,5;top;74,5;0,321814255
Herd 45;fresh 7;231,5;mid;74,9;0,323542117
Herd 45;fresh 7;231,5;pan;82,1;0,354643629
Herd 45;fresh 8;223;top;72,5;0,325112108
Herd 45;fresh 8;223;mid;72,1;0,323318386
Herd 45;fresh 8;223;pan;78,4;0,351569507
Herd 45;fresh 9;245,6;top;86,2;0,350977199
Herd 45;fresh 9;245,6;mid;76;0,309446254
Herd 45;fresh 9;245,6;pan;83,4;0,339576547
Herd 45;fresh 10;266,6;top;82;0,307576894
Herd 45;fresh 10;266,6;mid;85,4;0,320330083
Herd 45;fresh 10;266,6;pan;99,2;0,372093023
Herd 45;refusals;253,5;top;95,9;0,378303748
Herd 45;refusals;253,5;mid;84,6;0,333727811
Herd 45;refusals;253,5;pan;73;0,287968442
Herd 46;fresh 1;366,3;top;33,4;0,091182091
Herd 46;fresh 1;366,3;mid;167,6;0,457548458
Herd 46;fresh 1;366,3;pan;165,3;0,451269451
Herd 46;fresh 2;363,4;top;48,5;0,13346175
Herd 46;fresh 2;363,4;mid;151,9;0,417996698
Herd 46;fresh 2;363,4;pan;163;0,448541552
Herd 46;fresh 3;235,7;top;23,2;0,098430208
Herd 46;fresh 3;235,7;mid;104,1;0,441663131
Herd 46;fresh 3;235,7;pan;108,4;0,459906661
Herd 46;fresh 4;293,1;top;27,8;0,094848175
Herd 46;fresh 4;293,1;mid;109,5;0,373592631
Herd 46;fresh 4;293,1;pan;155,8;0,531559195
Herd 46;fresh 5;312,7;top;50;0,159897665
Herd 46;fresh 5;312,7;mid;116,9;0,373840742
Herd 46;fresh 5;312,7;pan;145,8;0,466261593
Herd 46;fresh 6;421;top;64,6;0,153444181
Herd 46;fresh 6;421;mid;151;0,358669834
Herd 46;fresh 6;421;pan;205,4;0,487885986
Herd 46;fresh 7;342,8;top;44,9;0,130980163
Herd 46;fresh 7;342,8;mid;128,1;0,373687281
Herd 46;fresh 7;342,8;pan;169,8;0,495332555
Herd 46;fresh 8;304,6;top;41,9;0,137557452
Herd 46;fresh 8;304,6;mid;116,2;0,381483913
Herd 46;fresh 8;304,6;pan;146,5;0,480958634
Herd 46;fresh 9;383,3;top;49;0,127837203
Herd 46;fresh 9;383,3;mid;143,8;0,375163058
Herd 46;fresh 9;383,3;pan;190,5;0,496999739
Herd 46;fresh 10;396,5;top;68,8;0,173518285
Herd 46;fresh 10;396,5;mid;133,5;0,336696091
Herd 46;fresh 10;396,5;pan;194,2;0,489785624
Herd 46;refusals;0;top;NA;NA
Herd 46;refusals;0;mid;NA;NA
Herd 46;refusals;0;pan;NA;NA
Herd 47;fresh 1;345,2;top;54,2;0,157010429
Herd 47;fresh 1;345,2;mid;127,8;0,370220162
Herd 47;fresh 1;345,2;pan;163,2;0,472769409
Herd 47;fresh 2;428,6;top;100,6;0,234717685
Herd 47;fresh 2;428,6;mid;153,1;0,357209519
Herd 47;fresh 2;428,6;pan;174,9;0,408072795
Herd 47;fresh 3;383;top;65,9;0,172062663
Herd 47;fresh 3;383;mid;161,2;0,420887728
Herd 47;fresh 3;383;pan;155,9;0,407049608
Herd 47;fresh 4;322,6;top;35,4;0,109733416
Herd 47;fresh 4;322,6;mid;159,2;0,493490391
Herd 47;fresh 4;322,6;pan;128;0,396776193
Herd 47;fresh 5;308,3;top;40,5;0,131365553
Herd 47;fresh 5;308,3;mid;146,3;0,474537788
Herd 47;fresh 5;308,3;pan;121,5;0,394096659
Herd 48;fresh 1;251,7;top;16,7;0,066348828
Herd 48;fresh 1;251,7;mid;123;0,488676996
Herd 48;fresh 1;251,7;pan;112;0,444974176
Herd 48;fresh 2;262,2;top;16,2;0,061784897
Herd 48;fresh 2;262,2;mid;128,7;0,490846682
Herd 48;fresh 2;262,2;pan;117,3;0,447368421
Herd 48;fresh 3;249,1;top;15,6;0,062625452
Herd 48;fresh 3;249,1;mid;125,3;0,503010839
Herd 48;fresh 3;249,1;pan;108,2;0,434363709
Herd 48;fresh 4;279,1;top;25;0,08957363
Herd 48;fresh 4;279,1;mid;133,4;0,477964887
Herd 48;fresh 4;279,1;pan;120,7;0,432461483
Herd 48;fresh 5;290,7;top;27,5;0,094599243
Herd 48;fresh 5;290,7;mid;141,3;0,486068111
Herd 48;fresh 5;290,7;pan;121,9;0,419332645
Herd 48;fresh 6;204,1;top;14,5;0,071043606
Herd 48;fresh 6;204,1;mid;98,6;0,483096521
Herd 48;fresh 6;204,1;pan;91;0,445859873
Herd 48;fresh 7;265,1;top;18,1;0,068276122
Herd 48;fresh 7;265,1;mid;130,5;0,492267069
Herd 48;fresh 7;265,1;pan;116,5;0,439456809
Herd 48;fresh 8;259,6;top;17,2;0,066255778
Herd 48;fresh 8;259,6;mid;128,1;0,493451464
Herd 48;fresh 8;259,6;pan;114,3;0,440292758
Herd 48;fresh 9;225,1;top;12,7;0,056419369
Herd 48;fresh 9;225,1;mid;102,1;0,453576188
Herd 48;fresh 9;225,1;pan;110,3;0,490004442
Herd 48;fresh 10;240,4;top;24,3;0,101081531
Herd 48;fresh 10;240,4;mid;120,7;0,502079867
Herd 48;fresh 10;240,4;pan;95,4;0,396838602
Herd 48;refusals;190,9;top;34,8;0,182294395
Herd 48;refusals;190,9;mid;84,5;0,442640126
Herd 48;refusals;190,9;pan;71,6;0,375065479
Herd 49;fresh 1;588,8;top;206,6;0,350883152
Herd 49;fresh 1;588,8;mid;129;0,219089674
Herd 49;fresh 1;588,8;pan;253,2;0,430027174
Herd 49;fresh 2;419,4;top;86,4;0,206008584
Herd 49;fresh 2;419,4;mid;118,1;0,281592752
Herd 49;fresh 2;419,4;pan;214,9;0,512398665
Herd 49;fresh 3;420,2;top;87,9;0,209186102
Herd 49;fresh 3;420,2;mid;118,6;0,282246549
Herd 49;fresh 3;420,2;pan;213,7;0,508567349
Herd 49;fresh 4;469,6;top;147,2;0,313458262
Herd 49;fresh 4;469,6;mid;113,5;0,24169506
Herd 49;fresh 4;469,6;pan;208,9;0,444846678
Herd 49;fresh 5;480,4;top;116;0,241465445
Herd 49;fresh 5;480,4;mid;121,9;0,253746878
Herd 49;fresh 5;480,4;pan;242,5;0,504787677
Herd 49;fresh 6;430;top;81,5;0,189534884
Herd 49;fresh 6;430;mid;126,4;0,293953488
Herd 49;fresh 6;430;pan;222,1;0,516511628
Herd 49;fresh 7;536,1;top;130,2;0,242865137
Herd 49;fresh 7;536,1;mid;137,8;0,257041597
Herd 49;fresh 7;536,1;pan;268,1;0,500093266
Herd 49;fresh 8;453,6;top;90,6;0,19973545
Herd 49;fresh 8;453,6;mid;126,7;0,279320988
Herd 49;fresh 8;453,6;pan;236,3;0,520943563
Herd 49;fresh 9;468,5;top;101,4;0,216435432
Herd 49;fresh 9;468,5;mid;122,8;0,262113127
Herd 49;fresh 9;468,5;pan;244,3;0,521451441
Herd 49;fresh 10;480,7;top;145,1;0,301851467
Herd 49;fresh 10;480,7;mid;116,8;0,242978989
Herd 49;fresh 10;480,7;pan;218,8;0,455169544
Herd 49;refusals;386;top;104,1;0,269689119
Herd 49;refusals;386;mid;112;0,29015544
Herd 49;refusals;386;pan;169,9;0,44015544
Herd 50;fresh 1;232,1;top;76,6;0,330030159
Herd 50;fresh 1;232,1;mid;114,9;0,495045239
Herd 50;fresh 1;232,1;pan;40,6;0,174924601
Herd 50;fresh 2;234,7;top;76,5;0,325948019
Herd 50;fresh 2;234,7;mid;101,9;0,434171282
Herd 50;fresh 2;234,7;pan;56,3;0,239880699
Herd 50;fresh 3;186,8;top;40,2;0,215203426
Herd 50;fresh 3;186,8;mid;89,4;0,478586724
Herd 50;fresh 3;186,8;pan;57,2;0,30620985
Herd 50;fresh 4;270,9;top;130,7;0,482465855
Herd 50;fresh 4;270,9;mid;80,5;0,297157623
Herd 50;fresh 4;270,9;pan;59,7;0,220376523
Herd 50;fresh 5;220,1;top;59,7;0,271240345
Herd 50;fresh 5;220,1;mid;103,5;0,4702408
Herd 50;fresh 5;220,1;pan;56,9;0,258518855
Herd 50;fresh 6;259,7;top;73,1;0,281478629
Herd 50;fresh 6;259,7;mid;111;0,42741625
Herd 50;fresh 6;259,7;pan;75,6;0,291105121
Herd 50;fresh 7;282,6;top;105,4;0,372965322
Herd 50;fresh 7;282,6;mid;109,9;0,388888889
Herd 50;fresh 7;282,6;pan;67,3;0,238145789
Herd 50;fresh 8;211,2;top;32,4;0,153409091
Herd 50;fresh 8;211,2;mid;112,9;0,534564394
Herd 50;fresh 8;211,2;pan;65,9;0,312026515
Herd 50;fresh 9;212,2;top;66,4;0,312912347
Herd 50;fresh 9;212,2;mid;91,2;0,429783223
Herd 50;fresh 9;212,2;pan;54,6;0,25730443
Herd 50;fresh 10;195,5;top;44;0,225063939
Herd 50;fresh 10;195,5;mid;80,9;0,413810742
Herd 50;fresh 10;195,5;pan;70,6;0,36112532
Herd 50;refusals;220,5;top;87,2;0,395464853
Herd 50;refusals;220,5;mid;80,4;0,36462585
Herd 50;refusals;220,5;pan;52,9;0,239909297
Herd 51;fresh 1;401,1;top;53,7;0,133881825
Herd 51;fresh 1;401,1;mid;145,2;0,362004488
Herd 51;fresh 1;401,1;pan;202,2;0,504113687
Herd 51;fresh 2;583,4;top;145,8;0,249914296
Herd 51;fresh 2;583,4;mid;169,5;0,290538224
Herd 51;fresh 2;583,4;pan;268,1;0,45954748
Herd 51;fresh 3;625,8;top;217,3;0,347235539
Herd 51;fresh 3;625,8;mid;161,9;0,258708853
Herd 51;fresh 3;625,8;pan;246,6;0,394055609
Herd 51;fresh 4;597,9;top;200,2;0,334838602
Herd 51;fresh 4;597,9;mid;171,1;0,286168256
Herd 51;fresh 4;597,9;pan;226,6;0,378993143
Herd 51;fresh 5;586,7;top;157,2;0,267939322
Herd 51;fresh 5;586,7;mid;176,8;0,301346514
Herd 51;fresh 5;586,7;pan;252,7;0,430714164
Herd 51;fresh 6;602,2;top;172,2;0,285951511
Herd 51;fresh 6;602,2;mid;177,3;0,294420458
Herd 51;fresh 6;602,2;pan;252,7;0,419628031
Herd 51;fresh 7;601;top;149,9;0,249417637
Herd 51;fresh 7;601;mid;196,7;0,327287854
Herd 51;fresh 7;601;pan;254,4;0,423294509
Herd 51;fresh 8;673,1;top;178,9;0,265785173
Herd 51;fresh 8;673,1;mid;195,2;0,290001486
Herd 51;fresh 8;673,1;pan;299;0,444213341
Herd 51;fresh 9;557,2;top;126,2;0,226489591
Herd 51;fresh 9;557,2;mid;192;0,344580043
Herd 51;fresh 9;557,2;pan;239;0,428930366
Herd 51;fresh 10;627,7;top;160,2;0,255217461
Herd 51;fresh 10;627,7;mid;200,6;0,319579417
Herd 51;fresh 10;627,7;pan;266,9;0,425203123
Herd 51;refusals;483,6;top;155,3;0,321133168
Herd 51;refusals;483,6;mid;163,2;0,337468983
Herd 51;refusals;483,6;pan;165,1;0,341397849
Herd 52;fresh 1;133,1;top;18,3;0,137490609
Herd 52;fresh 1;133,1;mid;66,2;0,497370398
Herd 52;fresh 1;133,1;pan;48,6;0,365138993
Herd 52;fresh 2;224,1;top;60,7;0,270861223
Herd 52;fresh 2;224,1;mid;87,2;0,389112004
Herd 52;fresh 2;224,1;pan;76,2;0,340026774
Herd 52;fresh 3;188,1;top;55,6;0,295587453
Herd 52;fresh 3;188,1;mid;69,5;0,369484317
Herd 52;fresh 3;188,1;pan;63;0,33492823
Herd 52;fresh 4;211,8;top;70,8;0,33427762
Herd 52;fresh 4;211,8;mid;70,9;0,334749764
Herd 52;fresh 4;211,8;pan;70,1;0,330972616
Herd 52;fresh 5;193,1;top;71,2;0,36872087
Herd 52;fresh 5;193,1;mid;41,8;0,216468151
Herd 52;fresh 5;193,1;pan;80,1;0,414810979
Herd 52;fresh 6;193,8;top;80,2;0,413828689
Herd 52;fresh 6;193,8;mid;61,2;0,315789474
Herd 52;fresh 6;193,8;pan;52,4;0,270381837
Herd 52;fresh 7;174,9;top;92,2;0,527158376
Herd 52;fresh 7;174,9;mid;41;0,234419668
Herd 52;fresh 7;174,9;pan;41,7;0,238421955
Herd 52;fresh 8;291,5;top;181,7;0,623327616
Herd 52;fresh 8;291,5;mid;54,1;0,185591767
Herd 52;fresh 8;291,5;pan;55,7;0,191080617
Herd 52;fresh 9;213,7;top;135,6;0,634534394
Herd 52;fresh 9;213,7;mid;36,8;0,172204024
Herd 52;fresh 9;213,7;pan;41,3;0,193261582
Herd 52;fresh 10;271;top;230,1;0,849077491
Herd 52;fresh 10;271;mid;20;0,073800738
Herd 52;fresh 10;271;pan;20,9;0,077121771
Herd 52;refusals;278,5;top;132,9;0,477199282
Herd 52;refusals;278,5;mid;84,4;0,303052065
Herd 52;refusals;278,5;pan;61,2;0,219748654
Herd 53;fresh 1;179,3;top;86,6;0,482989403
Herd 53;fresh 1;179,3;mid;47,4;0,264361405
Herd 53;fresh 1;179,3;pan;45,3;0,252649191
Herd 53;fresh 2;143,2;top;66,9;0,467178771
Herd 53;fresh 2;143,2;mid;39,1;0,273044693
Herd 53;fresh 2;143,2;pan;37,2;0,259776536
Herd 53;fresh 3;175,1;top;79,9;0,45631068
Herd 53;fresh 3;175,1;mid;47,2;0,269560251
Herd 53;fresh 3;175,1;pan;48;0,274129069
Herd 53;fresh 4;149,7;top;69,2;0,462257849
Herd 53;fresh 4;149,7;mid;40,9;0,273213093
Herd 53;fresh 4;149,7;pan;39,6;0,264529058
Herd 53;fresh 5;164,9;top;70,1;0,425106125
Herd 53;fresh 5;164,9;mid;48,2;0,292298363
Herd 53;fresh 5;164,9;pan;46,6;0,282595512
Herd 53;fresh 6;153,8;top;66,8;0,434330299
Herd 53;fresh 6;153,8;mid;42,3;0,27503251
Herd 53;fresh 6;153,8;pan;44,7;0,290637191
Herd 53;fresh 7;148;top;65,5;0,442567568
Herd 53;fresh 7;148;mid;41,3;0,279054054
Herd 53;fresh 7;148;pan;41,2;0,278378378
Herd 53;fresh 8;174,4;top;86,2;0,494266055
Herd 53;fresh 8;174,4;mid;43,3;0,248279817
Herd 53;fresh 8;174,4;pan;44,9;0,257454128
Herd 53;fresh 9;143,2;top;71,1;0,49650838
Herd 53;fresh 9;143,2;mid;35,7;0,249301676
Herd 53;fresh 9;143,2;pan;36,4;0,254189944
Herd 53;fresh 10;171,6;top;86,1;0,501748252
Herd 53;fresh 10;171,6;mid;41,4;0,241258741
Herd 53;fresh 10;171,6;pan;44,1;0,256993007
Herd 53;refusals;114,9;top;48,2;0,419495213
Herd 53;refusals;114,9;mid;37,4;0,325500435
Herd 53;refusals;114,9;pan;29,3;0,255004352
Herd 54;fresh 1;368,3;top;65,7;0,178387184
Herd 54;fresh 1;368,3;mid;141,5;0,384197665
Herd 54;fresh 1;368,3;pan;161,1;0,437415151
Herd 54;fresh 2;310,5;top;47,8;0,15394525
Herd 54;fresh 2;310,5;mid;130,3;0,419645733
Herd 54;fresh 2;310,5;pan;132,4;0,426409018
Herd 54;fresh 3;386,8;top;73,2;0,189245088
Herd 54;fresh 3;386,8;mid;160,7;0,415460186
Herd 54;fresh 3;386,8;pan;152,9;0,395294726
Herd 54;fresh 4;247,3;top;38;0,153659523
Herd 54;fresh 4;247,3;mid;103,8;0,419733118
Herd 54;fresh 4;247,3;pan;105,5;0,426607359
Herd 54;fresh 5;307,5;top;60,1;0,195447154
Herd 54;fresh 5;307,5;mid;125;0,406504065
Herd 54;fresh 5;307,5;pan;122,4;0,39804878
Herd 54;fresh 6;377,2;top;121,1;0,321049841
Herd 54;fresh 6;377,2;mid;116,3;0,308324496
Herd 54;fresh 6;377,2;pan;139,8;0,370625663
Herd 54;fresh 7;429,8;top;99,2;0,230805026
Herd 54;fresh 7;429,8;mid;165,2;0,384364821
Herd 54;fresh 7;429,8;pan;165,4;0,384830154
Herd 54;fresh 8;324,6;top;50,1;0,154343808
Herd 54;fresh 8;324,6;mid;137;0,422057917
Herd 54;fresh 8;324,6;pan;137,5;0,423598275
Herd 54;fresh 9;314,9;top;53,2;0,168942521
Herd 54;fresh 9;314,9;mid;124,5;0,395363607
Herd 54;fresh 9;314,9;pan;137,2;0,435693871
Herd 54;fresh 10;497,4;top;103;0,207076799
Herd 54;fresh 10;497,4;mid;200,7;0,403498191
Herd 54;fresh 10;497,4;pan;193,7;0,38942501
Herd 54;refusals;388,4;top;112,6;0,289907312
Herd 54;refusals;388,4;mid;143,3;0,368949537
Herd 54;refusals;388,4;pan;132,5;0,341143151
Herd 55;fresh 1;311,5;top;125,7;0,4035313
Herd 55;fresh 1;311,5;mid;98,1;0,314927769
Herd 55;fresh 1;311,5;pan;87,7;0,281540931
Herd 55;fresh 2;359,7;top;185,1;0,514595496
Herd 55;fresh 2;359,7;mid;88,4;0,245760356
Herd 55;fresh 2;359,7;pan;86,2;0,239644148
Herd 55;fresh 3;270,3;top;92,7;0,342952275
Herd 55;fresh 3;270,3;mid;95,6;0,353681095
Herd 55;fresh 3;270,3;pan;82;0,30336663
Herd 55;fresh 4;228,6;top;80,7;0,353018373
Herd 55;fresh 4;228,6;mid;78,8;0,344706912
Herd 55;fresh 4;228,6;pan;69,1;0,302274716
Herd 55;fresh 5;244,3;top;91,7;0,375358166
Herd 55;fresh 5;244,3;mid;81,5;0,333606222
Herd 55;fresh 5;244,3;pan;71,1;0,291035612
Herd 55;fresh 6;236,1;top;98,6;0,417619653
Herd 55;fresh 6;236,1;mid;77,1;0,326556544
Herd 55;fresh 6;236,1;pan;60,4;0,255823803
Herd 55;fresh 7;254,6;top;87,3;0,342890809
Herd 55;fresh 7;254,6;mid;89,1;0,349960723
Herd 55;fresh 7;254,6;pan;78,2;0,307148468
Herd 55;fresh 8;253,4;top;88,9;0,350828729
Herd 55;fresh 8;253,4;mid;88;0,347277032
Herd 55;fresh 8;253,4;pan;76,5;0,301894238
Herd 55;fresh 9;244;top;125,4;0,513934426
Herd 55;fresh 9;244;mid;57,4;0,235245902
Herd 55;fresh 9;244;pan;61,2;0,250819672
Herd 55;fresh 10;212,4;top;76,9;0,362052731
Herd 55;fresh 10;212,4;mid;72,5;0,3413371
Herd 55;fresh 10;212,4;pan;63;0,296610169
Herd 55;refusals;216,4;top;128,3;0,592883549
Herd 55;refusals;216,4;mid;60;0,277264325
Herd 55;refusals;216,4;pan;28,1;0,129852126
Herd 56;fresh 1;236,8;top;50,5;0,213260135
Herd 56;fresh 1;236,8;mid;92,9;0,392314189
Herd 56;fresh 1;236,8;pan;93,4;0,394425676
Herd 56;fresh 2;181,9;top;31,4;0,17262232
Herd 56;fresh 2;181,9;mid;77,1;0,423859263
Herd 56;fresh 2;181,9;pan;73,4;0,403518417
Herd 56;fresh 3;194,6;top;34;0,174717369
Herd 56;fresh 3;194,6;mid;82,4;0,423432682
Herd 56;fresh 3;194,6;pan;78,2;0,401849949
Herd 56;fresh 4;213,6;top;48,9;0,228932584
Herd 56;fresh 4;213,6;mid;84,8;0,397003745
Herd 56;fresh 4;213,6;pan;79,9;0,37406367
Herd 56;fresh 5;222,3;top;44,6;0,20062978
Herd 56;fresh 5;222,3;mid;97,5;0,438596491
Herd 56;fresh 5;222,3;pan;80,2;0,360773729
Herd 56;fresh 6;172,4;top;38,1;0,22099768
Herd 56;fresh 6;172,4;mid;65,9;0,38225058
Herd 56;fresh 6;172,4;pan;68,4;0,39675174
Herd 56;fresh 7;162,9;top;29,1;0,178637201
Herd 56;fresh 7;162,9;mid;67;0,411295273
Herd 56;fresh 7;162,9;pan;66,8;0,410067526
Herd 56;fresh 8;204,5;top;46,6;0,227872861
Herd 56;fresh 8;204,5;mid;84,5;0,413202934
Herd 56;fresh 8;204,5;pan;73,4;0,358924205
Herd 56;fresh 9;152,2;top;26,9;0,17674113
Herd 56;fresh 9;152,2;mid;64,6;0,424441524
Herd 56;fresh 9;152,2;pan;60,7;0,398817346
Herd 56;fresh 10;227,1;top;52,7;0,232056363
Herd 56;fresh 10;227,1;mid;94,4;0,415675914
Herd 56;fresh 10;227,1;pan;80;0,352267723
Herd 56;refusals;193;top;35,9;0,186010363
Herd 56;refusals;193;mid;91,5;0,474093264
Herd 56;refusals;193;pan;65,6;0,339896373
Herd 57;fresh 1;274,9;top;11,7;0,042560931
Herd 57;fresh 1;274,9;mid;151,9;0,552564569
Herd 57;fresh 1;274,9;pan;111,3;0,4048745
Herd 57;fresh 2;233,2;top;26,2;0,112349914
Herd 57;fresh 2;233,2;mid;114,2;0,489708405
Herd 57;fresh 2;233,2;pan;92,8;0,397941681
Herd 57;fresh 3;306,7;top;100,2;0,326703619
Herd 57;fresh 3;306,7;mid;107,3;0,349853277
Herd 57;fresh 3;306,7;pan;99,2;0,323443104
Herd 57;fresh 4;280,5;top;21,3;0,075935829
Herd 57;fresh 4;280,5;mid;150,2;0,535472371
Herd 57;fresh 4;280,5;pan;109;0,3885918
Herd 57;fresh 5;268,4;top;32,1;0,119597615
Herd 57;fresh 5;268,4;mid;127,7;0,475782414
Herd 57;fresh 5;268,4;pan;108,6;0,40461997
Herd 57;fresh 6;267,4;top;29,2;0,109199701
Herd 57;fresh 6;267,4;mid;148,4;0,554973822
Herd 57;fresh 6;267,4;pan;89,8;0,335826477
Herd 57;fresh 7;251,4;top;25;0,099443119
Herd 57;fresh 7;251,4;mid;126,8;0,504375497
Herd 57;fresh 7;251,4;pan;99,6;0,396181384
Herd 57;fresh 8;253,5;top;14,2;0,056015779
Herd 57;fresh 8;253,5;mid;134;0,528599606
Herd 57;fresh 8;253,5;pan;105,3;0,415384615
Herd 57;fresh 9;278,8;top;37,3;0,133787661
Herd 57;fresh 9;278,8;mid;132,4;0,474892396
Herd 57;fresh 9;278,8;pan;109,1;0,391319943
Herd 57;fresh 10;237,1;top;19,7;0,083087305
Herd 57;fresh 10;237,1;mid;120,7;0,509067904
Herd 57;fresh 10;237,1;pan;96,7;0,407844791
Herd 57;refusals;365,2;top;66,3;0,181544359
Herd 57;refusals;365,2;mid;174,8;0,47864184
Herd 57;refusals;365,2;pan;124,1;0,339813801
Herd 58;fresh 1;284,6;top;66,6;0,234012649
Herd 58;fresh 1;284,6;mid;119,3;0,419184821
Herd 58;fresh 1;284,6;pan;98,7;0,34680253
Herd 58;fresh 2;260;top;61,5;0,236538462
Herd 58;fresh 2;260;mid;109,2;0,42
Herd 58;fresh 2;260;pan;89,3;0,343461538
Herd 58;fresh 3;239,8;top;70,6;0,29441201
Herd 58;fresh 3;239,8;mid;91,6;0,381984987
Herd 58;fresh 3;239,8;pan;77,6;0,323603003
Herd 58;fresh 4;287,7;top;95,5;0,331942996
Herd 58;fresh 4;287,7;mid;104,7;0,363920751
Herd 58;fresh 4;287,7;pan;87,5;0,304136253
Herd 58;fresh 5;257,8;top;73;0,283165244
Herd 58;fresh 5;257,8;mid;97,2;0,377036462
Herd 58;fresh 5;257,8;pan;87,6;0,339798293
Herd 58;fresh 6;298,4;top;74,7;0,250335121
Herd 58;fresh 6;298,4;mid;119,1;0,399128686
Herd 58;fresh 6;298,4;pan;104,6;0,350536193
Herd 58;fresh 7;266,6;top;85,9;0,322205551
Herd 58;fresh 7;266,6;mid;94,4;0,354088522
Herd 58;fresh 7;266,6;pan;86,3;0,323705926
Herd 58;fresh 8;299,7;top;81,5;0,271938605
Herd 58;fresh 8;299,7;mid;117,3;0,391391391
Herd 58;fresh 8;299,7;pan;100,9;0,336670003
Herd 58;refusals;287,6;top;103,4;0,359527121
Herd 58;refusals;287,6;mid;109,3;0,380041725
Herd 58;refusals;287,6;pan;74,9;0,260431154
Herd 59;fresh 1;311,3;top;30,9;0,099261163
Herd 59;fresh 1;311,3;mid;160,1;0,514294892
Herd 59;fresh 1;311,3;pan;120,3;0,386443945
Herd 59;fresh 2;292,9;top;49,8;0,170023899
Herd 59;fresh 2;292,9;mid;144,4;0,493001024
Herd 59;fresh 2;292,9;pan;98,7;0,336975077
Herd 59;fresh 3;237,1;top;25,8;0,108814846
Herd 59;fresh 3;237,1;mid;120,8;0,509489667
Herd 59;fresh 3;237,1;pan;90,5;0,381695487
Herd 59;fresh 4;298,9;top;25,5;0,085312814
Herd 59;fresh 4;298,9;mid;156,6;0,523921044
Herd 59;fresh 4;298,9;pan;116,8;0,390766143
Herd 59;fresh 5;275,8;top;34,1;0,123640319
Herd 59;fresh 5;275,8;mid;134,1;0,4862219
Herd 59;fresh 5;275,8;pan;107,6;0,390137781
Herd 59;fresh 6;297;top;28,5;0,095959596
Herd 59;fresh 6;297;mid;149,4;0,503030303
Herd 59;fresh 6;297;pan;119,1;0,401010101
Herd 59;fresh 7;292,1;top;28;0,095857583
Herd 59;fresh 7;292,1;mid;144,7;0,495378295
Herd 59;fresh 7;292,1;pan;119,4;0,408764122
Herd 59;fresh 8;302,9;top;28,7;0,094750743
Herd 59;fresh 8;302,9;mid;143,8;0,47474414
Herd 59;fresh 8;302,9;pan;130,4;0,430505117
Herd 59;fresh 9;271,3;top;28;0,103206782
Herd 59;fresh 9;271,3;mid;127;0,468116476
Herd 59;fresh 9;271,3;pan;116,3;0,428676742
Herd 59;fresh 10;322,6;top;34,6;0,107253565
Herd 59;fresh 10;322,6;mid;154,6;0,479231246
Herd 59;fresh 10;322,6;pan;133,4;0,413515189
Herd 59;refusals;321,8;top;37,1;0,115288999
Herd 59;refusals;321,8;mid;165,9;0,515537601
Herd 59;refusals;321,8;pan;118,8;0,3691734
Herd 60;fresh 1;234,5;top;43;0,18336887
Herd 60;fresh 1;234,5;mid;124,1;0,529211087
Herd 60;fresh 1;234,5;pan;67,4;0,287420043
Herd 60;fresh 2;236,5;top;54,2;0,229175476
Herd 60;fresh 2;236,5;mid;114,2;0,482875264
Herd 60;fresh 2;236,5;pan;68,1;0,28794926
Herd 60;fresh 3;269,8;top;78,9;0,292438844
Herd 60;fresh 3;269,8;mid;122;0,452186805
Herd 60;fresh 3;269,8;pan;68,9;0,255374351
Herd 60;fresh 4;220;top;27,7;0,125909091
Herd 60;fresh 4;220;mid;124,6;0,566363636
Herd 60;fresh 4;220;pan;67,7;0,307727273
Herd 60;fresh 5;229,4;top;47,8;0,20836966
Herd 60;fresh 5;229,4;mid;112;0,488230166
Herd 60;fresh 5;229,4;pan;69,6;0,303400174
Herd 60;fresh 6;244,4;top;49,8;0,203764321
Herd 60;fresh 6;244,4;mid;125;0,511456628
Herd 60;fresh 6;244,4;pan;69,6;0,284779051
Herd 60;fresh 7;200,9;top;35,3;0,175709308
Herd 60;fresh 7;200,9;mid;105,6;0,525634644
Herd 60;fresh 7;200,9;pan;60;0,298656048
Herd 60;fresh 8;208,9;top;45,8;0,219243657
Herd 60;fresh 8;208,9;mid;103,3;0,494494974
Herd 60;fresh 8;208,9;pan;59,8;0,286261369
Herd 60;fresh 9;265,5;top;65,5;0,246704331
Herd 60;fresh 9;265,5;mid;126,7;0,477212806
Herd 60;fresh 9;265,5;pan;73,3;0,276082863
Herd 60;fresh 10;235,5;top;56,2;0,238641189
Herd 60;fresh 10;235,5;mid;115,8;0,491719745
Herd 60;fresh 10;235,5;pan;63,5;0,269639066
Herd 60;refusals;254,8;top;56,3;0,220957614
Herd 60;refusals;254,8;mid;128;0,502354788
Herd 60;refusals;254,8;pan;70,5;0,276687598
Herd 61;fresh 1;270,4;top;82,1;0,30362426
Herd 61;fresh 1;270,4;mid;105,5;0,390162722
Herd 61;fresh 1;270,4;pan;82,8;0,306213018
Herd 61;fresh 2;242;top;173,1;0,715289256
Herd 61;fresh 2;242;mid;29,5;0,121900826
Herd 61;fresh 2;242;pan;39,4;0,162809917
Herd 61;fresh 3;296,1;top;152,5;0,515028707
Herd 61;fresh 3;296,1;mid;71,6;0,241810199
Herd 61;fresh 3;296,1;pan;72;0,243161094
Herd 61;fresh 4;296,1;top;152,5;0,515028707
Herd 61;fresh 4;296,1;mid;71,6;0,241810199
Herd 61;fresh 4;296,1;pan;72;0,243161094
Herd 61;fresh 5;245,2;top;121,8;0,496737357
Herd 61;fresh 5;245,2;mid;63,4;0,258564437
Herd 61;fresh 5;245,2;pan;60;0,244698206
Herd 61;fresh 6;297,9;top;104,5;0,350788855
Herd 61;fresh 6;297,9;mid;108,2;0,363209131
Herd 61;fresh 6;297,9;pan;85,2;0,286002014
Herd 61;fresh 7;348,5;top;135,1;0,387661406
Herd 61;fresh 7;348,5;mid;116,5;0,334289813
Herd 61;fresh 7;348,5;pan;96,9;0,27804878
Herd 61;fresh 8;377,1;top;146,9;0,389551843
Herd 61;fresh 8;377,1;mid;127,7;0,338636966
Herd 61;fresh 8;377,1;pan;102,5;0,271811191
Herd 61;fresh 9;265,5;top;133,1;0,501318267
Herd 61;fresh 9;265,5;mid;64,2;0,24180791
Herd 61;fresh 9;265,5;pan;68,2;0,256873823
Herd 61;fresh 10;308,7;top;141,1;0,457078069
Herd 61;fresh 10;308,7;mid;88,2;0,285714286
Herd 61;fresh 10;308,7;pan;79,4;0,257207645
Herd 61;refusals;161,2;top;62,3;0,386476427
Herd 61;refusals;161,2;mid;57,1;0,354218362
Herd 61;refusals;161,2;pan;41,8;0,259305211
Herd 62;fresh 1;192,7;top;56,4;0,292682927
Herd 62;fresh 1;192,7;mid;77,3;0,401141671
Herd 62;fresh 1;192,7;pan;59;0,306175402
Herd 62;fresh 2;171,3;top;58,8;0,343257443
Herd 62;fresh 2;171,3;mid;62,5;0,364856976
Herd 62;fresh 2;171,3;pan;50;0,291885581
Herd 62;fresh 3;184,4;top;68,7;0,372559653
Herd 62;fresh 3;184,4;mid;63,4;0,343817787
Herd 62;fresh 3;184,4;pan;52,3;0,28362256
Herd 62;fresh 4;247,4;top;67,7;0,273645918
Herd 62;fresh 4;247,4;mid;102,4;0,413904608
Herd 62;fresh 4;247,4;pan;77,3;0,312449475
Herd 62;fresh 5;224,9;top;83,9;0,373054691
Herd 62;fresh 5;224,9;mid;74,9;0,333036905
Herd 62;fresh 5;224,9;pan;66,1;0,293908404
Herd 62;fresh 6;223,5;top;61,8;0,276510067
Herd 62;fresh 6;223,5;mid;89,8;0,401789709
Herd 62;fresh 6;223,5;pan;71,9;0,321700224
Herd 62;fresh 7;216,6;top;64,3;0,296860572
Herd 62;fresh 7;216,6;mid;87,8;0,405355494
Herd 62;fresh 7;216,6;pan;64,5;0,297783934
Herd 62;fresh 8;216,8;top;55,6;0,256457565
Herd 62;fresh 8;216,8;mid;87,4;0,403136531
Herd 62;fresh 8;216,8;pan;73,8;0,340405904
Herd 62;fresh 9;216,1;top;56;0,259139287
Herd 62;fresh 9;216,1;mid;91,5;0,423415086
Herd 62;fresh 9;216,1;pan;68,6;0,317445627
Herd 62;fresh 10;220,6;top;68;0,308250227
Herd 62;fresh 10;220,6;mid;82,9;0,375793291
Herd 62;fresh 10;220,6;pan;69,7;0,315956482
Herd 62;refusals;168;top;50,2;0,298809524
Herd 62;refusals;168;mid;91,7;0,545833333
Herd 62;refusals;168;pan;26,1;0,155357143
Herd 63;fresh 1;259,8;top;45,4;0,174749808
Herd 63;fresh 1;259,8;mid;115,2;0,443418014
Herd 63;fresh 1;259,8;pan;99,2;0,381832179
Herd 63;fresh 2;283,5;top;35,1;0,123809524
Herd 63;fresh 2;283,5;mid;140,3;0,494885362
Herd 63;fresh 2;283,5;pan;108,1;0,381305115
Herd 63;fresh 3;254,8;top;29;0,113814757
Herd 63;fresh 3;254,8;mid;123,8;0,485871272
Herd 63;fresh 3;254,8;pan;102;0,400313972
Herd 63;fresh 4;355,6;top;51,9;0,145950506
Herd 63;fresh 4;355,6;mid;173,2;0,487064117
Herd 63;fresh 4;355,6;pan;130,5;0,366985377
Herd 63;fresh 5;349,1;top;68,8;0,197078201
Herd 63;fresh 5;349,1;mid;154,4;0,442280149
Herd 63;fresh 5;349,1;pan;125,9;0,36064165
Herd 63;fresh 6;289,5;top;38,9;0,134369603
Herd 63;fresh 6;289,5;mid;141,9;0,49015544
Herd 63;fresh 6;289,5;pan;108,7;0,375474957
Herd 63;fresh 7;319,6;top;63,9;0,199937422
Herd 63;fresh 7;319,6;mid;133,5;0,417709637
Herd 63;fresh 7;319,6;pan;122,2;0,382352941
Herd 63;fresh 8;284,4;top;23,8;0,083684951
Herd 63;fresh 8;284,4;mid;144,2;0,507032349
Herd 63;fresh 8;284,4;pan;116,4;0,4092827
Herd 63;fresh 9;379,1;top;71,3;0,188077025
Herd 63;fresh 9;379,1;mid;177;0,466895278
Herd 63;fresh 9;379,1;pan;130,8;0,345027697
Herd 63;fresh 10;372,2;top;72,6;0,195056421
Herd 63;fresh 10;372,2;mid;166;0,445996776
Herd 63;fresh 10;372,2;pan;133,6;0,358946803
Herd 63;refusals;231,2;top;48,2;0,208477509
Herd 63;refusals;231,2;mid;99;0,428200692
Herd 63;refusals;231,2;pan;84;0,363321799
Herd 64;fresh 1;274,2;top;85,6;0,31218089
Herd 64;fresh 1;274,2;mid;78,9;0,287746171
Herd 64;fresh 1;274,2;pan;109,7;0,400072939
Herd 64;fresh 2;303,4;top;90,8;0,299274885
Herd 64;fresh 2;303,4;mid;90,4;0,297956493
Herd 64;fresh 2;303,4;pan;122,2;0,402768622
Herd 64;fresh 3;300,5;top;108,5;0,361064892
Herd 64;fresh 3;300,5;mid;79,9;0,265890183
Herd 64;fresh 3;300,5;pan;112,1;0,373044925
Herd 64;fresh 4;262,3;top;61,1;0,232939382
Herd 64;fresh 4;262,3;mid;88,5;0,337399924
Herd 64;fresh 4;262,3;pan;112,7;0,429660694
Herd 64;fresh 5;323,9;top;69,3;0,213954924
Herd 64;fresh 5;323,9;mid;115,5;0,356591541
Herd 64;fresh 5;323,9;pan;139,1;0,429453535
Herd 64;fresh 6;331,1;top;45,2;0,136514648
Herd 64;fresh 6;331,1;mid;148,9;0,449713078
Herd 64;fresh 6;331,1;pan;137;0,413772274
Herd 64;fresh 7;377,4;top;57,3;0,151828299
Herd 64;fresh 7;377,4;mid;172,8;0,457869634
Herd 64;fresh 7;377,4;pan;147,3;0,390302067
Herd 64;fresh 8;360,4;top;45,9;0,127358491
Herd 64;fresh 8;360,4;mid;162,6;0,451165372
Herd 64;fresh 8;360,4;pan;151,9;0,421476138
Herd 64;fresh 9;411,3;top;79;0,192073912
Herd 64;fresh 9;411,3;mid;162,9;0,396061269
Herd 64;fresh 9;411,3;pan;169,4;0,411864819
Herd 64;fresh 10;333,7;top;48,8;0,146239137
Herd 64;fresh 10;333,7;mid;145;0,434522026
Herd 64;fresh 10;333,7;pan;139,9;0,419238837
Herd 64;refusals;248,7;top;47,9;0,192601528
Herd 64;refusals;248,7;mid;114;0,458383595
Herd 64;refusals;248,7;pan;86,8;0,349014877
Herd 65;fresh 1;235,3;top;49,9;0,212069698
Herd 65;fresh 1;235,3;mid;114;0,484487888
Herd 65;fresh 1;235,3;pan;71,4;0,303442414
Herd 65;fresh 2;244;top;92,9;0,380737705
Herd 65;fresh 2;244;mid;93,3;0,382377049
Herd 65;fresh 2;244;pan;57,8;0,236885246
Herd 65;fresh 3;258,9;top;55,4;0,213982233
Herd 65;fresh 3;258,9;mid;119,4;0,461181924
Herd 65;fresh 3;258,9;pan;84,1;0,324835844
Herd 65;fresh 4;273,9;top;66,5;0,242789339
Herd 65;fresh 4;273,9;mid;126,6;0,462212486
Herd 65;fresh 4;273,9;pan;80,8;0,294998175
Herd 65;fresh 5;250,6;top;73,6;0,293695132
Herd 65;fresh 5;250,6;mid;107,2;0,427773344
Herd 65;fresh 5;250,6;pan;69,8;0,278531524
Herd 65;fresh 6;259,8;top;68,2;0,262509623
Herd 65;fresh 6;259,8;mid;116,1;0,446882217
Herd 65;fresh 6;259,8;pan;75,5;0,29060816
Herd 65;fresh 7;231,5;top;58,4;0,252267819
Herd 65;fresh 7;231,5;mid;102;0,440604752
Herd 65;fresh 7;231,5;pan;71,1;0,30712743
Herd 65;fresh 8;242,6;top;83,5;0,344187964
Herd 65;fresh 8;242,6;mid;94,3;0,388705688
Herd 65;fresh 8;242,6;pan;64,8;0,267106348
Herd 65;fresh 9;246,9;top;97,4;0,394491697
Herd 65;fresh 9;246,9;mid;92,5;0,374645606
Herd 65;fresh 9;246,9;pan;57;0,230862697
Herd 65;fresh 10;239,9;top;94,2;0,39266361
Herd 65;fresh 10;239,9;mid;91,2;0,380158399
Herd 65;fresh 10;239,9;pan;54,5;0,227177991
Herd 65;refusals;245,5;top;85,2;0,347046843
Herd 65;refusals;245,5;mid;106,4;0,433401222
Herd 65;refusals;245,5;pan;53,9;0,219551935
Herd 66;fresh 1;251,4;top;39,3;0,156324582
Herd 66;fresh 1;251,4;mid;125,9;0,500795545
Herd 66;fresh 1;251,4;pan;86,2;0,342879873
Herd 66;fresh 2;261,5;top;47,8;0,182791587
Herd 66;fresh 2;261,5;mid;120,4;0,46042065
Herd 66;fresh 2;261,5;pan;93,3;0,356787763
Herd 66;fresh 3;305,8;top;39,7;0,129823414
Herd 66;fresh 3;305,8;mid;181,1;0,592217135
Herd 66;fresh 3;305,8;pan;85;0,277959451
Herd 66;fresh 4;260,8;top;39,1;0,149923313
Herd 66;fresh 4;260,8;mid;128;0,490797546
Herd 66;fresh 4;260,8;pan;93,7;0,359279141
Herd 66;fresh 5;250,6;top;46,6;0,185953711
Herd 66;fresh 5;250,6;mid;120,5;0,48084597
Herd 66;fresh 5;250,6;pan;83,5;0,333200319
Herd 66;fresh 6;255,8;top;65,8;0,257232213
Herd 66;fresh 6;255,8;mid;112,5;0,439796716
Herd 66;fresh 6;255,8;pan;77,5;0,302971071
Herd 66;fresh 7;309,2;top;45;0,145536869
Herd 66;fresh 7;309,2;mid;160,6;0,519404916
Herd 66;fresh 7;309,2;pan;103,6;0,335058215
Herd 66;fresh 8;306,2;top;51,3;0,167537557
Herd 66;fresh 8;306,2;mid;153,4;0,500979752
Herd 66;fresh 8;306,2;pan;101,5;0,331482691
Herd 66;fresh 9;289,1;top;62,9;0,217571774
Herd 66;fresh 9;289,1;mid;135,9;0,470079557
Herd 66;fresh 9;289,1;pan;90,3;0,312348668
Herd 66;fresh 10;308,7;top;63;0,204081633
Herd 66;fresh 10;308,7;mid;147,1;0,476514415
Herd 66;fresh 10;308,7;pan;98,6;0,319403952
Herd 66;refusals;298,1;top;72;0,241529688
Herd 66;refusals;298,1;mid;127,7;0,428379738
Herd 66;refusals;298,1;pan;98,4;0,330090574
Herd 67;fresh 1;271,1;top;54,4;0,200663962
Herd 67;fresh 1;271,1;mid;118,1;0,435632608
Herd 67;fresh 1;271,1;pan;98,6;0,36370343
Herd 67;fresh 2;257,5;top;51,7;0,200776699
Herd 67;fresh 2;257,5;mid;115,2;0,447378641
Herd 67;fresh 2;257,5;pan;90,6;0,35184466
Herd 67;fresh 3;322,1;top;55,1;0,171064887
Herd 67;fresh 3;322,1;mid;144,4;0,448307979
Herd 67;fresh 3;322,1;pan;122,6;0,380627134
Herd 67;fresh 4;312,3;top;61,1;0,195645213
Herd 67;fresh 4;312,3;mid;144;0,461095101
Herd 67;fresh 4;312,3;pan;107,2;0,343259686
Herd 67;fresh 5;260,6;top;23,2;0,089025326
Herd 67;fresh 5;260,6;mid;135,2;0,518802763
Herd 67;fresh 5;260,6;pan;102,2;0,392171911
Herd 67;fresh 6;301,9;top;38,8;0,128519377
Herd 67;fresh 6;301,9;mid;148,4;0,491553495
Herd 67;fresh 6;301,9;pan;114,7;0,379927128
Herd 67;fresh 7;256,9;top;28,8;0,112105878
Herd 67;fresh 7;256,9;mid;117,6;0,457765668
Herd 67;fresh 7;256,9;pan;110,5;0,430128455
Herd 67;fresh 8;356,2;top;84,8;0,238068501
Herd 67;fresh 8;356,2;mid;149,7;0,420269512
Herd 67;fresh 8;356,2;pan;121,7;0,341661988
Herd 67;fresh 9;336,5;top;89,2;0,265081724
Herd 67;fresh 9;336,5;mid;131,5;0,390787519
Herd 67;fresh 9;336,5;pan;115,8;0,344130758
Herd 67;fresh 10;474,3;top;154,9;0,326586549
Herd 67;fresh 10;474,3;mid;141,5;0,298334388
Herd 67;fresh 10;474,3;pan;177,9;0,375079064
Herd 67;refusals;697,6;top;313,3;0,449111239
Herd 67;refusals;697,6;mid;219;0,313933486
Herd 67;refusals;697,6;pan;165,3;0,236955275
Herd 68;fresh 1;297,5;top;17,4;0,058487395
Herd 68;fresh 1;297,5;mid;114,3;0,384201681
Herd 68;fresh 1;297,5;pan;165,8;0,557310924
Herd 68;fresh 2;262,3;top;20,5;0,078154785
Herd 68;fresh 2;262,3;mid;97;0,369805566
Herd 68;fresh 2;262,3;pan;144,8;0,552039649
Herd 68;fresh 3;263,5;top;18,7;0,070967742
Herd 68;fresh 3;263,5;mid;89,1;0,338140417
Herd 68;fresh 3;263,5;pan;155,7;0,590891841
Herd 68;fresh 4;295,7;top;24,2;0,081839702
Herd 68;fresh 4;295,7;mid;116,9;0,395333108
Herd 68;fresh 4;295,7;pan;154,6;0,52282719
Herd 68;fresh 5;281,3;top;17,5;0,062211162
Herd 68;fresh 5;281,3;mid;120,9;0,42979026
Herd 68;fresh 5;281,3;pan;142,9;0,507998578
Herd 68;fresh 6;286,3;top;14,6;0,050995459
Herd 68;fresh 6;286,3;mid;106,8;0,373035278
Herd 68;fresh 6;286,3;pan;164,9;0,575969263
Herd 68;fresh 7;284;top;22,7;0,079929577
Herd 68;fresh 7;284;mid;112,6;0,396478873
Herd 68;fresh 7;284;pan;148,7;0,523591549
Herd 68;fresh 8;291,1;top;19,5;0,06698729
Herd 68;fresh 8;291,1;mid;104,7;0,359670216
Herd 68;fresh 8;291,1;pan;166,9;0,573342494
Herd 68;fresh 9;302,9;top;22,2;0,073291515
Herd 68;fresh 9;302,9;mid;122,8;0,405414328
Herd 68;fresh 9;302,9;pan;157,9;0,521294156
Herd 68;fresh 10;290,1;top;17,9;0,061702861
Herd 68;fresh 10;290,1;mid;115,4;0,397793864
Herd 68;fresh 10;290,1;pan;156,8;0,540503275
Herd 68;refusals;341,8;top;23,5;0,068753657
Herd 68;refusals;341,8;mid;149,6;0,437682855
Herd 68;refusals;341,8;pan;168,7;0,493563487
Herd 69;fresh 1;238,7;top;50,1;0,209886887
Herd 69;fresh 1;238,7;mid;111,6;0,467532468
Herd 69;fresh 1;238,7;pan;77;0,322580645
Herd 69;fresh 2;241,8;top;56,2;0,23242349
Herd 69;fresh 2;241,8;mid;107,1;0,44292804
Herd 69;fresh 2;241,8;pan;78,5;0,32464847
Herd 69;fresh 3;315,2;top;93,8;0,297588832
Herd 69;fresh 3;315,2;mid;126,2;0,400380711
Herd 69;fresh 3;315,2;pan;95,2;0,302030457
Herd 69;fresh 4;348,2;top;97,7;0,28058587
Herd 69;fresh 4;348,2;mid;143,7;0,412693854
Herd 69;fresh 4;348,2;pan;106,8;0,306720276
Herd 69;fresh 5;233,6;top;50,8;0,217465753
Herd 69;fresh 5;233,6;mid;102,7;0,439640411
Herd 69;fresh 5;233,6;pan;80,1;0,342893836
Herd 69;fresh 6;230,1;top;48,4;0,210343329
Herd 69;fresh 6;230,1;mid;107,7;0,468057366
Herd 69;fresh 6;230,1;pan;74;0,321599305
Herd 69;fresh 7;269;top;76,8;0,285501859
Herd 69;fresh 7;269;mid;104,1;0,386988848
Herd 69;fresh 7;269;pan;88,1;0,327509294
Herd 69;fresh 8;263,9;top;72,8;0,275862069
Herd 69;fresh 8;263,9;mid;110,7;0,419477075
Herd 69;fresh 8;263,9;pan;80,4;0,304660856
Herd 69;fresh 9;222,9;top;59;0,264692687
Herd 69;fresh 9;222,9;mid;90,4;0,405563033
Herd 69;fresh 9;222,9;pan;73,5;0,32974428
Herd 69;fresh 10;271,5;top;74,6;0,274769797
Herd 69;fresh 10;271,5;mid;106,7;0,393001842
Herd 69;fresh 10;271,5;pan;90,2;0,332228361
Herd 69;refusals;260,7;top;81,6;0,313003452
Herd 69;refusals;260,7;mid;121,7;0,4668201
Herd 69;refusals;260,7;pan;57,4;0,220176448
Herd 70;fresh 1;346,4;top;32,5;0,093822171
Herd 70;fresh 1;346,4;mid;134;0,386836028
Herd 70;fresh 1;346,4;pan;179,9;0,519341801
Herd 70;fresh 2;467,2;top;40,2;0,086044521
Herd 70;fresh 2;467,2;mid;200,4;0,428938356
Herd 70;fresh 2;467,2;pan;226,6;0,485017123
Herd 70;fresh 3;352,1;top;30,5;0,086623118
Herd 70;fresh 3;352,1;mid;134;0,380573701
Herd 70;fresh 3;352,1;pan;187,6;0,532803181
Herd 70;fresh 4;305,7;top;22,3;0,072947334
Herd 70;fresh 4;305,7;mid;102,9;0,336604514
Herd 70;fresh 4;305,7;pan;180,5;0,590448152
Herd 70;fresh 5;262,7;top;40;0,152264941
Herd 70;fresh 5;262,7;mid;79,5;0,30262657
Herd 70;fresh 5;262,7;pan;143,2;0,545108489
Herd 70;fresh 6;302,7;top;23,4;0,077304262
Herd 70;fresh 6;302,7;mid;111,8;0,369342583
Herd 70;fresh 6;302,7;pan;167,5;0,553353155
Herd 70;fresh 7;397,3;top;31;0,07802668
Herd 70;fresh 7;397,3;mid;158,9;0,39994966
Herd 70;fresh 7;397,3;pan;207,4;0,52202366
Herd 70;fresh 8;323,7;top;20,3;0,062712388
Herd 70;fresh 8;323,7;mid;132,4;0,409020698
Herd 70;fresh 8;323,7;pan;171;0,528266914
Herd 70;fresh 9;497,4;top;52,3;0,105146763
Herd 70;fresh 9;497,4;mid;206,1;0,414354644
Herd 70;fresh 9;497,4;pan;239;0,480498593
Herd 70;fresh 10;331,3;top;28,5;0,086024751
Herd 70;fresh 10;331,3;mid;124,2;0,37488681
Herd 70;fresh 10;331,3;pan;178,6;0,539088439
Herd 70;refusals;311,8;top;33,1;0,106157793
Herd 70;refusals;311,8;mid;118,2;0,37908916
Herd 70;refusals;311,8;pan;160,5;0,514753047
Herd 71;fresh 1;362,7;top;35,6;0,098152743
Herd 71;fresh 1;362,7;mid;157,2;0,433416046
Herd 71;fresh 1;362,7;pan;169,9;0,46843121
Herd 71;fresh 2;369,2;top;27,7;0,075027086
Herd 71;fresh 2;369,2;mid;154,7;0,419014085
Herd 71;fresh 2;369,2;pan;186,8;0,50595883
Herd 71;fresh 3;375,7;top;26,3;0,070002662
Herd 71;fresh 3;375,7;mid;156,3;0,416023423
Herd 71;fresh 3;375,7;pan;193,1;0,513973915
Herd 71;fresh 4;273,2;top;20,4;0,074670571
Herd 71;fresh 4;273,2;mid;107,4;0,393118594
Herd 71;fresh 4;273,2;pan;145,4;0,532210835
Herd 71;fresh 5;278,9;top;13,3;0,047687343
Herd 71;fresh 5;278,9;mid;120;0,430261743
Herd 71;fresh 5;278,9;pan;145,6;0,522050914
Herd 71;fresh 6;412,1;top;36,8;0,089298714
Herd 71;fresh 6;412,1;mid;166;0,402814851
Herd 71;fresh 6;412,1;pan;209,3;0,507886435
Herd 71;fresh 7;420,2;top;43,3;0,103046168
Herd 71;fresh 7;420,2;mid;171,8;0,408852927
Herd 71;fresh 7;420,2;pan;205,1;0,488100904
Herd 71;fresh 8;496,8;top;77,6;0,156199678
Herd 71;fresh 8;496,8;mid;190,2;0,382850242
Herd 71;fresh 8;496,8;pan;229;0,460950081
Herd 71;fresh 9;310;top;32,6;0,10516129
Herd 71;fresh 9;310;mid;131,1;0,422903226
Herd 71;fresh 9;310;pan;146,3;0,471935484
Herd 71;fresh 10;314,1;top;35,4;0,112702961
Herd 71;fresh 10;314,1;mid;130;0,41388093
Herd 71;fresh 10;314,1;pan;148,7;0,47341611
Herd 71;refusals;458,4;top;97,6;0,212914485
Herd 71;refusals;458,4;mid;168,8;0,368237347
Herd 71;refusals;458,4;pan;192;0,418848168
